LLM_Keywords,Year
"1. Genomic research
2. Latin America
3. Nation
4. Race
5. Body
6. Public ideas
7. Experts
8. Uneven effects
9. Social contexts
10. Genetic knowledge
11. Society
12. Transnational ideas
13. Public understandings of science",2016
"1. Feyerabend
2. Positivism
3. Scientific research
4. Progressive framework
5. Visualizability
6. Intelligibility
7. Time-conditioned concepts
8. Historical context
9. Atomic theory",2017
"1. Paul Feyerabend
2. Philosophy of science
3. Reappraisal
4. History of philosophy of science
5. Contemporary developments
6. Perspectivism
7. Realism
8. Political philosophy of science
9. Neglected later work",2017
"1. Tendinopathy
2. Physical therapy
3. Clinical reasoning
4. Pain
5. Tendon loading
6. Evidence-informed
7. Management
8. Lower limb
9. Upper limb
10. Prevalence
11. Healthy life
12. Society
13. Expert opinion",2017
"1. Local adaptation
2. Evolutionary biology
3. Heterogeneous spatial context
4. Ongoing evolutionary process
5. American Society of Naturalists
6. Theoretical work
7. Empirical work
8. Laboratory work
9. Fieldwork
10. New data
11. Biodiversity
12. Genetic biodiversity
13. Phenotypic biodiversity",2016
"1. Arthritis
2. Osteoarthritis
3. Biomarkers
4. Risk factors
5. Disease progression
6. Cartilage
7. Early detection
8. Personalized prevention
9. Drug discovery
10. Disease modifying osteoarthritis drugs",2016
"1. Migration
2. Health
3. Cross-border movement
4. Vectors
5. Populations
6. Health professionals
7. Climate
8. Policy trends
9. Global health
10. International health
11. Developed world
12. Developing countries
13. Multidisciplinary approach
14. Population health
15. Social determinants of health",2016
"1. Nursing specialization
2. Scope of practice
3. Standards of professional practice
4. Competencies
5. Specialty nurses
6. Developmental process
7. Best practices
8. Dissemination
9. Stakeholders",2017
"1. Benchmarking
2. Clinical photography services
3. National Health Service (NHS)
4. Improvement
5. Comparison
6. Trial exercise
7. Data analysis
8. NHS Trusts
9. Profession",2017
"1. Evidence-based policy
2. Health systems
3. Maternal and newborn health
4. Pakistan
5. Policy uptake
6. Research dissemination
7. Advocacy
8. Mass media
9. Stakeholder involvement
10. Implementation research
11. Health workforce
12. Equitable access
13. Transportation interventions
14. Health system software
15. Policymaking and evidence",2016
"1. Ecological theory
2. Mathematical model
3. Cancer mechanisms
4. Origin of cancer
5. Formation of cancer
6. Progression of cancer
7. Therapeutic cure
8. Control of cancer
9. Genetic mutations
10. Sub-cellular level
11. Cellular scale
12. Tissue scale",2016
"1. International context
2. Health Information
3. Libraries
4. Journal
5. Practice
6. Sector
7. Best practices
8. Health information and libraries
9. International perspectives
10. Initiatives
11. Conscious fostering
12. Regular feature",2017
"1. Genetic Testing
2. Personal Stories
3. Challenges
4. Benefits
5. Pitfalls
6. Bioethics
7. Public Health
8. Psychology
9. Philosophy
10. Commentary Articles",2016
"1. Conflict resolution
2. Mediation techniques
3. Clinical ethics consultations
4. Emotionally charged situations
5. Communication difficulties
6. Professional mediators
7. Facilitation of difficult conversations
8. Families
9. Surrogates
10. Providers
11. Journal of Clinical Ethics",2016
"1. Mediation
2. Beginning of life
3. End of life
4. Ethics consultants
5. Difficult cases
6. Clinicians
7. Parents
8. Infants
9. Severe genetic conditions
10. Research participants
11. Alzheimer's disease
12. Surrogate decision makers",2016
"1. Male fertility preservation
2. Innovations
3. Questions
4. Benign diseases
5. Malignant diseases
6. Impaired fertility
7. Treatment effects
8. Sperm cryopreservation
9. Prepubertal boys
10. Testicular sperm extraction
11. Stem cells
12. Ethical issues",2016
"1. Euploid blastocysts
2. Viable pregnancies
3. Oocyte environment
4. Embryo metabolism
5. Aging effects
6. Lifestyle factors
7. Psychological stress
8. Nutritional supplements
9. Cellular energy levels
10. Endocrine and paracrine factors
11. Cumulus cells
12. Exogenous gonadotropins
13. Adjunctive medications
14. Culture media
15. In vitro fertilization laboratory",2016
"1. Coarse-graining
2. Macromolecules
3. Biopolymers
4. Membranes
5. Complex fluids
6. Soft materials
7. Structures
8. Dynamics
9. Assembly processes
10. Atomistic modeling",2016
"1. Implementation Science
2. JSLHR Supplement
3. Clinical Practice
4. Research Findings
5. Communication Disorders
6. Evidence-Based Practice
7. Intervention Research
8. Uptake of Evidence-Based Practice
9. Incorporation of Research Findings",2016
"1. Suicidal behavior
2. Measurement
3. Mechanisms
4. Risk assessment
5. Rating scales
6. Suicide rating scales
7. Columbia Suicide Severity Rating Scale (C-SSRS)
8. Suicide Tracking Scale (STS)
9. Sheehan Suicidality Tracking Scale (S-STS)
10. Subtypes of suicidal behavior/ideation",2016
"1. Nanomedicine
2. Drug delivery
3. Virus capsids
4. Gold nanoshells
5. Photothermal therapy
6. Chemotherapy
7. Cancer therapy
8. Gene delivery
9. Antibacterial treatment
10. Anti-Alzheimer treatments
11. Rapid detection
12. Osteogenic differentiation",2016
"1. Grand Challenges
2. Cross-disciplinary collaborations
3. Life sciences
4. Medical sciences
5. Historians
6. Philosophers
7. Interdisciplinarity
8. Transdisciplinarity
9. Goal-driven research
10. Resources
11. Background
12. Context
13. Study
14. Practice
15. Departure from existing literature",2016
"1. Honey bees
2. Viruses
3. Pollination
4. Ecosystem service
5. Food security
6. Apiculture
7. Agriculture
8. Colony losses
9. Bumblebees
10. Research interest
11. Lake Sinai viruses
12. Bee macula-like virus
13. Apis mellifera filamentous virus
14. Mass spectrometry
15. RNAi approach",2016
"1. Bounded Rationality
2. History of Science
3. Knowledge Constraints
4. Scientific Practitioners
5. Material Contexts
6. Ideational Contexts
7. Assumptions and Commitments
8. Influential Portrayals
9. Responses to Bounded Rationality
10. History of Science Theory
11. Open Questions in the History of Science",2016
"1. Bio-ontologies
2. Phenotypes
3. Special issue
4. SIG (Special Interest Group)
5. ISMB (Intelligent Systems for Molecular Biology)
6. Conference
7. Automated re-use
8. Update of ontologies
9. Quality assessment
10. Ontological resources
11. Phenotype variation
12. Manual description
13. Semi-automatic means
14. Fully automatic means",2016
"1. Ionic messengers
2. Development
3. Cancer
4. Electrical fields
5. Ion channels
6. Transporters
7. Cell cycle
8. Proliferation
9. Differentiation
10. Embryonic patterning
11. Regeneration
12. Tumor development
13. Membrane potential
14. Bioelectric signaling pathways
15. Therapeutic applications",2016
"1. Healthcare safety
2. Quality improvement
3. Sociology
4. Technologies
5. Practices
6. Experiences
7. Organisation
8. Healthcare contexts
9. Management
10. Clinicians
11. Patients
12. Dilemmas
13. Mainstream approaches
14. Theory and practice
15. Future lines of inquiry",2016
"1. Pediatric cardiac care
2. Congenital heart disease
3. Coronary arteries
4. Heart failure in children
5. International Symposium on Congenital Heart Disease
6. Annual Postgraduate Course in Paediatric Cardiovascular Disease
7. Continuing medical education
8. Foetus, neonate, infant, child, and adult cardiac disease
9. The Children's Hospital of Philadelphia
10. Johns Hopkins All Children's Heart Institute
11. Challenges and dilemmas in pediatric cardiology
12. Juan Valentín Comas
13. Donald Nixon Ross",2016
"1. Hypertension
2. Renin-angiotensin-aldosterone system (RAAS)
3. Primary aldosteronism (PA)
4. Cardiovascular risk factor
5. End-organ damage
6. Secondary form of hypertension
7. Antihypertensive medication
8. Clinical outcome
9. Survival",2016
"1. Social psychology
2. Food choice
3. Nutrition
4. Environmental influences
5. Eating behavior
6. Healthy eating
7. Intentions
8. Perceived behavioral control
9. Self-efficacy
10. Fast food
11. Ready meals
12. Convenience meals
13. Disinhibition
14. Food cravings
15. Ecological Model of Behavior change",2016
"1. Bioprocess
2. Large scale production
3. Biotechnology
4. Mid-stream processes
5. Down-stream processes
6. Advances in bioprocess engineering
7. Asian Federation of Biotechnology
8. Special issue
9. Advances in Bioprocess Engineering",2016
"1. Pharmacology
2. Drug targets
3. Human drug targets
4. Concise Guide to PHARMACOLOGY
5. G protein-coupled receptors
6. Ligand-gated ion channels
7. Voltage-gated ion channels
8. Other ion channels
9. Nuclear hormone receptors
10. Catalytic receptors
11. Enzymes
12. Transporters
13. Nomencalture guidance
14. Pharmacological tools
15. IUPHAR classification and nomenclature",2016
"1. Hearing loss
2. Children
3. Intervention
4. Outcomes
5. Early detection
6. Communication
7. Development
8. Bilateral hearing loss
9. Mild hearing loss
10. Unilateral hearing loss
11. HEAL Conference
12. Research forum
13. Narrative summary",2016
"1. Internet
2. Audiology
3. First International Meeting
4. Health care delivery
5. Hearing
6. Tinnitus
7. Balance
8. Treatment programs
9. Internet-based interventions
10. Adult hearing aid users
11. Second International Meeting",2016
"1. Reactive oxygen species (ROS)
2. Reactive nitrogen species (RNS)
3. Nitric oxide (NO)
4. Signal transduction pathways
5. Plant growth
6. Development
7. Defence responses
8. Redox control
9. Post-translational modifications
10. Secondary messengers
11. Local and systemic signalling pathways
12. Oxidative stress
13. Inter-organellar regulation
14. Hypoxia
15. Molecular memories of stress",2016
"1. Predictors
2. Treatment outcomes
3. Childhood mental health
4. Adolescent mental health
5. Dietary supplements
6. Mood disorders
7. Omega-3 fatty acids
8. Inositol
9. Pediatric bipolar spectrum disorders",2016
"1. Teacher quality
2. Student success
3. Teacher effectiveness
4. Teacher evaluation
5. Teacher well-being
6. School psychologists
7. Educational professionals
8. Collaboration
9. Consultation
10. Teacher contributions
11. Classroom environment
12. Academic achievement
13. Social-emotional outcomes
14. Self-report measures
15. Teacher evaluation practices",2016
"1. Integrative psychotherapy
2. Schizophrenia
3. Recovery-oriented treatment
4. Serious mental illnesses
5. Identity changes
6. Sense of agency
7. Intervention integration
8. Therapist acceptance
9. Uncertainty
10. Stigma rejection
11. Meaning-making
12. Joint recovery promotion",2016
"1. Technoscience
2. Care
3. Multivocality
4. Definition
5. Legislation
6. Measurement
7. Evaluation
8. Context-specificity
9. Perspective-dependency
10. Researcher
11. Citizen",2015
"1. Cardiovascular drugs
2. Innovation
3. China
4. Drug discovery
5. Themed section
6. Chinese research
7. Heart disease
8. Pharmaceuticals
9. Medical advancements
10. Healthcare
11. Biopharmaceuticals
12. Cardiovascular treatments",2016
"1. Pulmonary hypertension
2. Patient outcomes
3. Treatment options
4. Quality of life
5. Disease management
6. Impact assessment
7. Pulmonary arterial hypertension
8. Improved survival
9. Long-term care
10. PAH management",2016
"1. Carbohydrate-protein interactions
2. Glycosylation
3. Glycan synthesis
4. Recognition
5. Oligosaccharides
6. Glycoproteins
7. Glycolipids
8. Proteoglycans
9. Polysaccharides
10. Lectins
11. Immune system
12. Signal transduction
13. Development
14. Cancer metastasis
15. C-type lectins",2016
"1. Female fertility preservation
2. Oocyte cryopreservation
3. Ovarian tissue cryopreservation
4. Reproductive medicine
5. Biology
6. Disease treatment
7. Experimental treatment
8. Ethics issues
9. Infants
10. Adolescents
11. Young women",2016
"1. Developmental psychopathology
2. Ontogenic process models
3. Gene-environment interplay
4. Brain development
5. Synthesis
6. Abnormal psychology
7. Molecular genetics
8. Brain architecture
9. Environmental features
10. Individual development
11. Psychopathology
12. Elucidating processes",2016
"1. Idiopathic hypogonadotropic hypogonadism
2. GNRH1 gene mutations
3. Homozygous mutations
4. Decapeptide region
5. Mutational hot spots
6. Rare cause of nIHH
7. Familial cases
8. Clinical presentation
9. Diagnostic gene analysis",2016
"1. Big Data
2. Healthcare
3. Analytics
4. Health outcomes
5. Cost reduction
6. Clinical data
7. Predictive models
8. Processing methods
9. Challenges
10. Novel approaches",2016
"1. Clinical decision-making
2. Computer replacement
3. Informatics progress
4. Usability improvement
5. Big data analytics
6. Regulatory compliance
7. Legal requirements
8. Reimbursement models
9. Quality improvement
10. Cost increase
11. Clinician augmentation",2016
"1. Italian Society of Pure and Applied Biophysics
2. Interdisciplinary science
3. Biophysical chemistry
4. National Congress
5. Molecular biophysics
6. Cellular biophysics
7. Integrative biophysics
8. Modern biophysics
9. SIBPA
10. Società Italiana di Biofisica Pura ed Applicata",2016
"1. Editor's Perspective
2. Supplements
3. Forums
4. American Journal of Speech-Language Pathology
5. Clinical Forum
6. Research Forum
7. Dissemination formats
8. Contributions
9. Speech-Language Pathology",2016
"1. Echinocandins
2. Translational research
3. Candida species
4. In vitro activity
5. In vivo activity
6. Central venous catheter biofilms
7. Treatment
8. Prevention
9. Candidemia
10. Invasive candidiasis
11. Extended dosing intervals
12. Administration",2016
"1. TSPO
2. mitochondrial stress response
3. protein function
4. applications
5. biomedicine
6. interdisciplinary research
7. state-of-the-art knowledge
8. special issue
9. human pathophysiology
10. clinical applications",2016
"1. Modeled claims
2. Costs and outcomes
3. Testable
4. Validation
5. Timeframe
6. Formulary committee
7. Methodological issues
8. UK experience
9. NICE
10. Formulary committee questions
11. Big Data
12. Modeled claims validation",2016
"1. Integrated models
2. Alcohol
3. Tobacco
4. Drug use interventions
5. Medical care
6. Implementation science
7. Substance use treatment
8. Integration
9. Health system integration
10. Empirical studies
11. Study protocols
12. Federal research priorities
13. Remaining research gaps",2016
"1. Behavioral Neuroscience
2. International Society
3. Meeting
4. Research Collaborations
5. Young Investigators
6. Outreach and Education
7. Late-breaking Discoveries
8. Stress
9. Depression
10. Monoamine Systems
11. Substance Use Disorders
12. Attentional Processes
13. Brain Training",2016
"1. Family physicians
2. New tools
3. Approaches
4. Patient care
5. Alternative care models
6. Diabetes education
7. Technology
8. Chronic hepatitis B
9. Social media
10. Rare disease",2016
"1. Inflammation
2. Autoimmunity
3. Major histocompatibility complex (MHC) alleles
4. Sexual dimorphism
5. Hypothalamic-pituitary-adrenal (HPA) axis
6. Gut microbiota
7. Immune system
8. T helper subsets
9. Cytokines
10. Scavenger receptors
11. Inflammasome
12. Adipokines
13. Leptin
14. Adiponectin
15. Cytokines in immune pathology and therapy",2016
"1. Good's Syndrome
2. Thymoma
3. Hypoimmunoglobulinemia
4. Surgery
5. Immunotherapy
6. Intravenous immunoglobulin G
7. Filgrastim
8. Recovery
9. Adequate surgical resection
10. Postoperative complications
11. Improved survival",2016
"1. Communication
2. Reproduction
3. Histories
4. Esoteric ideas
5. Practical activities
6. Continuities
7. New technologies
8. Storytelling
9. Expertise
10. Knowledge
11. Ignorance
12. Secrecy
13. Propriety",2015
"1. Cancer mechanisms
2. Tumor suppressor genes
3. Oncogenes
4. Apoptosis regulation
5. Intracellular signaling cascades
6. Epithelial to mesenchymal transition
7. Intra-tumor heterogeneity
8. MicroRNAs in cancer
9. Notch signaling
10. PARP inhibitors
11. TRAIL resistance
12. Histone modifications
13. Viscum album
14. Apoptotic cell death
15. ASPP family in cancer",2016
"1. Microbiome
2. Human reproduction
3. Second human genome
4. Microbial cells
5. Symbiotic relationship
6. Complex interaction
7. Reproductive tract
8. Gametogenesis
9. Technologic revolution
10. Biofilms
11. Health and disease",2016
"1. Biodiesel
2. Petroleum-diesel
3. Toxicity
4. Mutagenicity
5. Emissions
6. Health effects
7. Nonhuman animal models
8. Lung
9. Cardiovascular system
10. Acute exposure
11. Repeated exposure
12. Physicochemical composition
13. Life cycle analysis",2016
"1. Repetitive DNA
2. Eukaryotic genomes
3. High-throughput sequencing
4. Bioinformatics
5. Chromosomal studies
6. Satellite DNAs
7. Transposable elements
8. Centromeres
9. Subtelomeric regions
10. Genomic organization
11. Sequence variation
12. Transcription activity
13. Evolutionary modes
14. Conservation and variability
15. Functional consequences",2016
"1. Louisville Twin Study
2. Revival
3. Behavior genetics
4. Cognitive development
5. Gene-environment interaction
6. Presentation
7. Kentucky
8. Expanded analysis
9. Continuity
10. Influence",2016
"1. Environmental stressors
2. Toxic effects
3. Physicochemistry
4. Transformation
5. Ecosystems
6. Engineered nanoparticles
7. Pharmaceuticals
8. Personal care products
9. Antibiotics
10. Pathogens
11. Heavy metals
12. Agricultural nutrients
13. Environmental control
14. Toxicity evaluation
15. Future directions",2016
"1. Percussive technology
2. Human evolution
3. Comparative approach
4. Fossil primates
5. Living primates
6. Stone Age ancestors
7. Lithic artefacts
8. Pounding activities
9. Evolutionary implications
10. Primatology
11. Archaeology
12. Anatomical constraints
13. Cognitive constraints
14. Ecological constraints
15. Functional significance",2016
"1. Optical design
2. Testing
3. Applications
4. Industrial
5. Military
6. Consumer
7. Bio-medical
8. Research
9. Image optical stimuli
10. Nonimage optical stimuli
11. Human perception
12. Optics applications
13. Bio-optics applications
14. Displays
15. Solar energy systems
16. Novel imaging modalities
17. Deep UV spectral imaging
18. Infrared spectral imaging
19. Systems perspective
20. Optical measurement
21. Concepts
22. Trends
23. Optics systems",2016
"1. Neurodegenerative diseases
2. Pharmacotherapy
3. Unmet medical needs
4. Public health
5. Healthcare system
6. Medical advances
7. Biology of neurodegenerative conditions
8. Novel clinical pharmacology tools
9. Clinical trial designs
10. Regulatory innovation
11. Symptomatic pharmacotherapies
12. Disease-modifying pharmacotherapies",2016
"1. Vaccinology
2. Japanese Society for Vaccinology
3. Infectious disease outbreak
4. Vaccine development
5. Immunology
6. Epidemiology
7. Varicella vaccine
8. Smallpox vaccine
9. Academic organization
10. International society
11. New vaccines
12. Basic vaccinology
13. Epidemiology of vaccine-preventable diseases
14. Evaluation of currently used vaccines",2016
"1. Reptile placentology
2. Viviparous lizard
3. Cesare Studiati
4. Placenta
5. Mammalian parallels
6. Histological techniques
7. Evolutionary milieu
8. Chalcides chalcides
9. Placentotrophic species
10. Nutrient provision
11. Oxygen supply
12. Functional role of placental tissues
13. Species specializations",2016
"1. Mental health
2. Future generations
3. Culture change
4. Well-being
5. Sociodemographics
6. Labor market trends
7. Young people
8. Transition to adulthood
9. Symposium
10. American Orthopsychiatric Association",2016
"1. Conservation initiatives
2. Protected areas
3. Environmental impacts
4. Social impacts
5. Human pressures
6. Biological diversity
7. Ecosystem services
8. Scientific evidence
9. Evaluation designs
10. Conservation funders
11. Practitioners
12. Credible evidence
13. Societal goals
14. Human welfare",2016
"1. Proton therapy
2. Cancer treatment
3. Animal study
4. Fruit ripening agent
5. Toxicity
6. Excessive doses
7. Genetics
8. Stroke
9. Childhood leukemia",2016
"1. Pitheciid research
2. Neotropical primates
3. Ecology
4. Behavior
5. Conservation
6. Hypothesis-driven research
7. Comparative biology
8. Primatology
9. Conversation priorities
10. Family biology",2016
"1. Aesthetic turn
2. Sociology
3. Social aesthetic
4. Guest editors' introduction
5. Special section
6. Emerging interest
7. Aesthetics and sociality
8. Instrumentalist understandings
9. Reductive understandings
10. Social critique
11. Modernist conceptions
12. Mundane search
13. Everyday experience
14. Cultural reproduction
15. Embodied process of meaning making",2017
"1. Stem cells
2. Engineering
3. Biotechnology
4. In vitro diagnostics
5. In vivo therapeutics
6. Advances
7. Translation
8. Commercial products
9. Clinical products",2016
"1. Mental health
2. Primary care
3. Low- and middle-income countries
4. PRIME mental healthcare plans
5. District mental healthcare plans
6. Development
7. Piloting
8. Evaluation
9. Costing
10. Innovations
11. Challenges",2016
"1. DNA barcoding
2. International Barcode of Life
3. Global research community
4. Conference
5. Biomes
6. Applications
7. Socio-economic importance
8. Agricultural pests
9. Quarantine species
10. Wildlife forensics
11. Disease vectors
12. Ecosystem health
13. Marketplace surveys
14. Seafood products
15. Medicinal plants
16. Metabarcoding
17. Dietary analyses
18. Food webs
19. Trophic levels
20. Next-generation sequencing
21. Taxonomic scope
22. Geographic scope
23. Community shifts
24. Climate change
25. Biological resources",2016
"1. Shame
2. Psychoanalytic theory
3. Practice
4. Leon Wurmser
5. Claude Janin
6. John Steiner
7. Concept development
8. Guilt
9. Object relations
10. Identity
11. Psychic retreat
12. Gaze",2016
"1. Drug discovery
2. Model systems
3. Laboratory animals
4. Microorganisms
5. Cell-based systems
6. Tissue-based systems
7. Disease treatment
8. Therapeutics
9. Special Collection
10. Academia and industry collaboration
11. Original research articles
12. Insights
13. Impact",2016
"1. Mentalization
2. Borderline personality disorder
3. Translational research
4. Mentalization-based therapy
5. Capacity to reflect
6. Mind of others
7. Self-reflection
8. Medical disorders
9. Personality disorder
10. Translational criteria
11. Evaluation
12. Potential usefulness",2016
"1. Ejaculatory problems
2. Male infertility
3. Dysfunctions
4. Fertility
5. Confused terms
6. Normal male function
7. Evaluation
8. Management
9. Causes
10. Male ejaculatory process",2016
"1. Phenomenology
2. Philosophy
3. Science
4. Two cultures
5. Cross-fertilization
6. Integration
7. Multiple reviewers
8. Patience
9. Dedication
10. Elsevier editorial and production team
11. Synoptic overview",2016
"1. Genetics
2. Intelligence
3. Whole genome sequencing
4. Large sample sizes
5. Study participants
6. Center for Talented Youth
7. Johns Hopkins University
8. Ethics
9. Research
10. Workshop
11. The Hastings Center
12. Transformative conversation
13. General cognitive ability",2015
"1. Pediatric complex care
2. Medical complexity
3. Policy
4. Health care reform
5. Professional identity
6. Workforce development
7. High quality research
8. Consensus method",2016
"1. Biomedical science
2. Engineering
3. International conference
4. Biotechnology
5. Shanghai
6. August 2015
7. Biomaterials
8. Bioinformatics
9. Computational biology
10. Biomedical imaging
11. Signal processing
12. Biomechanical engineering
13. Advances in biomedical engineering and biotechnology",2016
"1. Program implementation
2. Essential study
3. Social-Emotional Learning interventions
4. Prevention Science special issue
5. Implementation research
6. Readiness to implement
7. Future work priorities",2016
"1. Pediatric oncology
2. Psychosocial care
3. Standards development
4. Evidence-based practice
5. Collaboration
6. Interdisciplinary team
7. Systematic review
8. AGREE II process
9. Essential psychosocial care
10. Children with cancer
11. Families
12. Special issue",2016
"1. Evidence-based health informatics
2. Benchmarking
3. Good information systems
4. Telemonitoring
5. Cancer incidence rates
6. Parametric tests
7. Annual Conference of the German Society of Medical Informatics, Biometry and Epidemiology
8. Data harmonization
9. Surveillance in obstetrics
10. Adaptive designs
11. Patient registries
12. Signal processing",2016
"1. Humanitarian aid
2. Historical perspectives
3. Improving humanitarian responses
4. Disasters special issue
5. History of humanitarian action
6. Nineteenth-century to present day
7. Value of history
8. Habitual ways of thinking
9. Investigation and interpretation skills
10. Critical questioning
11. Humanitarian practitioners
12. Policymakers
13. Reflective attitude to change
14. Holistic approach to innovation",2016
"1. Ion channels
2. Membrane-spanning proteins
3. Biophysical processes
4. Electrical signals
5. Action potentials
6. Neuronal communication
7. Heart beat coordination
8. Insulin secretion
9. Immune response
10. Drug targets
11. Inherited ion channel dysfunction
12. Acquired ion channel dysfunction
13. Disease causes",2016
"1. Adult development
2. Psychotherapist
3. Psychotherapy work
4. First person narratives
5. Empirical report
6. Senior therapists
7. Challenges
8. Demands
9. Rewards
10. Fulfilling
11. Meaningful
12. Wiser therapist
13. Effective therapist
14. Personal experience
15. Professional experience",2016
"1. Farmworker
2. Housing quality
3. Health
4. Transdisciplinary conference
5. Research
6. Practice
7. Knowledge consolidation
8. Housing characteristics
9. Quality assessment
10. Health and safety
11. Policy development
12. Working groups
13. Implementation
14. Education
15. Engineering projects",2016
"1. Pediatric heart failure
2. International summit
3. Johns Hopkins All Children's Heart Institute
4. Acute hospitalization
5. Cardiology research
6. Multi-disciplinary collaboration
7. Andrews/Daicoff Cardiovascular Program Endowment
8. Morsani College of Medicine at the University of South Florida
9. Paediatric heart failure treatment
10. Clinical and scientific disciplines
11. Think-tank approach
12. Proceedings of the 2015 International Pediatric Heart Failure Summit
13. Cardiovascular surgery research
14. George R. Daicoff, MD
15. Sarainne Andrews",2016
"1. Feedback interventions
2. Psychotherapy research
3. Treatment outcomes
4. Patient risk
5. Moderators and mediators
6. Routine care implementation
7. Therapist attitudes
8. Patient attitudes
9. Feedback systems
10. Feedback reports
11. Decision support tools
12. Treatment failure reasons
13. Therapist interventions
14. Future endeavors",2016
"1. Dissemination
2. Evidence-based interventions
3. Social science
4. Program scaling
5. Sustainability
6. Intervention implementation
7. Service providers
8. Challenges
9. Supports
10. Awareness",2016
"1. Feminism
2. Psychology
3. Gender
4. Sexuality
5. Psy-disciplines
6. Histories
7. Trajectories
8. Conjoined
9. Tensions
10. Interventions
11. Methodologies
12. Populations
13. Epistemology
14. Common cause",2015
"1. Pragmatic clinical trials
2. Ethical issues
3. Regulatory challenges
4. High-quality evidence
5. Health decision making
6. Information and communication technologies
7. Novel techniques
8. Cost-effective research methods
9. Clinical practice
10. Decision informing
11. National Institutes of Health
12. Patient-Centered Clinical Research Network (PCORnet)
13. Regulatory oversight
14. Ethical considerations
15. Real-world choices",2016
"1. Exposome
2. Mathematics
3. Biology
4. Exposomics
5. Proof-of-principle
6. Epigenome-wide methylation studies
7. Smoking
8. Carcinogenesis
9. Stem cells
10. Evolutionary theory
11. Breakthroughs",2016
"1. OMICS
2. Plant disease resistance
3. Genetic improvement
4. Crop resistance
5. Next-generation sequencing
6. Mass spectrometry
7. Genomics
8. Transcriptomics
9. Proteomics
10. Metabolomics
11. Agricultural research",2017
"1. Endometriosis
2. Management
3. Problem-oriented approach
4. Patient-centered care
5. Deep endometriosis
6. Infertility
7. Pelvic pain
8. Quality of life
9. Pregnancy
10. Delivery
11. Post-partum period
12. Conservative surgery
13. Recurrence prevention
14. Ovarian cancer risk
15. Screening program
16. Treatment of symptoms
17. Shared decision-making
18. Counseling",2016
"1. Non-neuronal cholinergic system
2. Biological significance
3. Medical significance
4. MiRNAs
5. Molecular mechanisms
6. Cholinergic cellular signaling circuitries
7. Cancer
8. Wound healing
9. Immunity and inflammation
10. Cardiovascular diseases
11. Respiratory diseases
12. Clinical implications",2016
"1. Autism Spectrum Disorder
2. Occupational Therapy
3. Families
4. Research
5. Clinical Practice
6. Advocacy
7. Consumer Education
8. Needs
9. Services
10. Awareness",2015
"1. Humanities
2. Sciences
3. History
4. Separate cultures
5. Epistemic objects
6. Virtues
7. Values
8. Methods
9. Practices
10. Shared aspects
11. Interdisciplinary study",2015
"1. Prediction
2. Attention
3. Perception
4. Action
5. Brain functions
6. Neural models
7. Sensory information
8. Action-related information
9. Information flow
10. Interactions
11. Emerging field
12. Functional principles",2016
"1. Cognitive Diversity
2. Anthropological Perspectives
3. Cognition
4. Cross-Cultural Research
5. Synergies
6. Rapprochement
7. Anthropology
8. Cognitive Sciences
9. Existence Proof",2016
"1. Heterogeneity
2. Treatment response
3. First-episode schizophrenia
4. Biomarker development
5. Neuroimaging
6. Neurocognitive measures
7. Genetic measures
8. Clinical response
9. Interventions
10. Psychotic illness
11. Comorbidity
12. Predictive models
13. Treatment targets
14. Effective intervention strategies",2016
"1. Rare pulmonary diseases
2. Orphan drugs
3. Diagnosis
4. Management
5. Interstitial lung disease
6. Pulmonary hypertension
7. Economic impact
8. Social impact
9. Public health
10. Medical community
11. Limited experience
12. Uncommon diseases",2016
"1. Skin as a target organ
2. Multisystemic diseases
3. Systemic involvement
4. Lichen planus
5. Autoinflammatory syndromes
6. Pyoderma gangrenosum
7. Scleroderma
8. Lyme disease
9. Herpes simplex
10. Mycosis fungoides",2016
"1. Monogamy
2. Primates
3. Variability
4. Trends
5. Synthesis
6. Introduction
7. Special issue
8. Social characteristics
9. Genetic monogamy
10. Social structures
11. Mating patterns
12. Breeding systems
13. Definitions
14. Wild primates
15. Captive studies",2016
"1. Digestive tract cancers
2. Surgery complications
3. Postoperative care
4. Nutritional support
5. Peri-operative nutrition
6. Malnutrition screening
7. Treatment plan
8. Good clinical practices guide",2016
"1. Orchidaceae
2. Conservation
3. Interactions
4. Mycorrhizal fungi
5. Pollinators
6. Host trees
7. Challenges
8. Factors
9. Papers
10. Orchids",2016
"1. Uric acid
2. Cardiovascular risk
3. Consensus meeting
4. University Magna Graecia
5. Catanzaro, Italy
6. May 2014
7. International Journal of Cardiology
8. Special issue
9. Cardiovascular disorders
10. Uric acid role",2017
"1. Hypnosis
2. Lecture
3. Jay Haley
4. Gregory Bateson
5. Milton Erickson
6. Trance induction
7. Multiple personalities
8. Regression to past lives
9. False memories
10. History of hypnosis",2017
"1. Autohypnosis
2. Trance Dance
3. Bali
4. Gregory Bateson
5. Margaret Mead
6. Jay Haley
7. Madeleine Haley
8. Historical importance
9. Culture
10. Society
11. Emotion regulation
12. Violence regulation",2017
"1. Dissociative disorders
2. Multiple personality
3. Supervision
4. Therapist training
5. Case study
6. Jay Haley
7. Treatment techniques
8. Complexity
9. Early literature
10. Supervision style",2017
"1. Interactional explanation
2. Hypnosis
3. Communication
4. Relationship
5. Trance
6. Therapist-patient dynamics
7. Gregory Bateson
8. John Weakland
9. Don Jackson
10. Bill Fry
11. Subjective experience",2017
"1. Hypnosis
2. Schizophrenia
3. Communication
4. Psychological disorder
5. Biological disorder
6. Jay Haley
7. John Weakland
8. Milton Erickson
9. Intellect
10. Argument
11. Schizophrenia research
12. Conversation
13. Transcript",2017
"1. Hypnosis
2. Milton Erickson
3. Jay Haley
4. Trance state
5. Flexibility
6. Trance induction
7. Resistant subjects
8. Therapy
9. Clinicians
10. Therapeutic relationship
11. Communication",2017
"1. Oncology nursing
2. Research issue
3. Oncology Nursing Forum
4. Oncology Nursing Society
5. Featured columns
6. Research reports
7. Special issue
8. Cancer care
9. Evidence-based practice
10. Advancements in oncology nursing",2016
"1. Multimodality
2. Early sensory processing
3. Visual maps
4. Flexible encoding
5. Multisensory space
6. Sensory organs
7. Cortical areas
8. Unisensory areas
9. Associative areas
10. Plasticity
11. Critical period
12. Functional network
13. Brain areas
14. Input statistics
15. Behavioral goals",2015
"1. Polyphenols
2. Plant secondary metabolites
3. Organoleptic properties
4. Nutritional properties
5. Practical applications
6. International Conference on Polyphenols
7. Tannin Conference
8. Chemistry
9. Physicochemistry
10. Materials science
11. Biosynthesis
12. Genetics
13. Metabolic engineering
14. Plant-environment interactions
15. Nutrition and health
16. Natural medicine",2016
"1. Editorial
2. Psychiatry
3. Mental health
4. National Mental Health Protection Programme
5. Criminal law amendment
6. Treatment measures
7. Psychiatric institutions
8. Conflict
9. Politicians
10. Lawyers
11. Mentally ill
12. Social attitude
13. Tragic events
14. Responsibility
15. Image of psychiatry and psychiatrists",2015
"1. Neuroimaging
2. Neuropsychology
3. Special issue
4. Neuropsychology Review
5. Structural neuroimaging
6. Functional neuroimaging
7. Advances
8. Human brain
9. Cognitive processes
10. Brain imaging techniques
11. Applications in neuropsychology
12. Diagnostic tools
13. Neurocognitive assessment
14. Research developments",2016
"1. Synesthesia
2. Cognitive neuroscience
3. Special issue
4. Models
5. Neural mechanisms
6. New types
7. Demographic characteristics
8. Cognitive profile",2016
"1. Ostracism
2. Research
3. Sources
4. Individuals
5. Feelings
6. Ostracizing
7. Special issue
8. Journal of Social Psychology
9. Experimental studies
10. Methods
11. Understudied aspect
12. Common phenomenon",2016
"1. Lesbians
2. Children's literature
3. Young adult literature
4. Homosexuality
5. Scholarly conversations
6. Intellectual discussions
7. Special issue
8. Journal of Lesbian Studies",2016
"1. Mindfulness
2. Cultural context
3. Psychotherapeutic intervention
4. Buddhism
5. Meditation techniques
6. Positive mental health
7. Adaptation
8. Suffering
9. Ethical dimensions
10. Moral dimensions
11. Transcultural Psychiatry
12. Dialogue between Buddhist thought and psychiatry",2016
"1. Cancer prevention
2. Therapy integration
3. Broad-spectrum approach
4. Targeted therapies
5. High drug costs
6. Marginal therapeutic benefits
7. Toxicity concerns
8. Phytochemicals
9. Low-toxicity treatments
10. Low-cost therapeutics
11. Cancer hallmarks
12. Genomic tumor analyses
13. Consortium of researchers
14. Cancer morbidity and mortality
15. Low- and middle-income nations",2016
"1. Early detection
2. Mental health
3. Neurodevelopmental disorders
4. Ethical challenges
5. Field in infancy
6. Childhood diagnosis
7. Chronic disability
8. Long-term impairment
9. Risk signs
10. Symptom identification
11. Prevention
12. Intervention efforts
13. ADHD
14. ASD
15. Dyslexia
16. Mood dysregulation
17. Disruptive behavior disorders
18. Anxiety disorders",2016
"1. Mental illnesses
2. Robert Schumann
3. Genius
4. Madness
5. Musical career
6. Contemporary theories
7. Gifted individuals
8. Sympathetic overview
9. Critical perspective
10. Extant theories
11. Illness
12. Composer
13. Nuanced overview",2016
"1. Pancrustacea
2. Physiology
3. Insects
4. Crustaceans
5. Terrestrial systems
6. Aquatic systems
7. Evolutionary relationships
8. Comparative biology
9. Invertebrate biology
10. Insect physiology
11. Cross-talk between researchers
12. Conserved physiological systems
13. Evolution of physiological systems
14. Advances in Pancrustacean physiology",2016
"1. Routine outcome measures
2. Implementation
3. Clinical care
4. Quality improvement
5. Performance management
6. National efforts
7. Regional efforts
8. Successes
9. Challenges
10. Global improvement",2016
"1. Antibiotic resistance
2. Global threat
3. Workshop
4. Dag Hammarskjöld Foundation
5. Partnerships
6. Antibiotics
7. Collective action
8. Tools
9. States
10. Non-state actors
11. Symposium",2016
"1. Causal methods
2. Brain function
3. Neural circuits
4. Behavior
5. Perception
6. Cognition
7. Electrical devices
8. Genetically encoded tools
9. Neurochemical approaches
10. Clinical intervention
11. Brain processing",2016
"1. Borderline personality disorder
2. Treatment advances
3. Psychotherapy
4. Evidence-based practices
5. Challenges
6. Expert opinions
7. Special issue introduction",2016
"1. Blue space geographies
2. Healthy blue space
3. Therapeutic landscapes
4. Environment and wellbeing
5. Emotional geographies
6. Relational geographies
7. Salutogenesis
8. Mixed blue space settings
9. Embodiment
10. Inter-subjectivity
11. Activity
12. Meaning
13. Public health policy relevance",2017
"1. Sex differences
2. Drug abuse
3. Etiology
4. Prevention
5. Treatment
6. Psychopharmacology
7. Females
8. Substance abuse
9. Preclinical research
10. Treatment approaches
11. Peer-reviewed journals
12. Scientific awareness
13. Comprehensive understanding
14. Innovative research
15. Burdensome investigation",2016
"1. Trust
2. Healthcare
3. Physicians
4. Patient-physician relationship
5. Confidence
6. Symptoms disclosure
7. Diagnosis
8. Future care
9. Public health
10. Community workers
11. Respect
12. Acceptance
13. Advice seeking
14. Strengthening trust",2017
"1. Neuroendocrine development
2. Dual-axis approach
3. Stress hormones
4. Sex hormones
5. Coupling of hypothalamic-pituitary-adrenal and -gonadal axes
6. Positive within-person association
7. Acute, diurnal, basal, and longitudinal timeframes
8. Contexts
9. Adolescence
10. Functional dual-axis approach",2016
"1. Heart beats
2. Multimodal data
3. Robust detection
4. PhysioNet/Computing in Cardiology Challenge
5. Long-term recordings
6. ECGs
7. Pulsatile signals
8. Comparison of methods
9. Public database
10. Scoring criteria
11. Performance evaluation",2016
"1. Dexmedetomidine
2. Anesthesia pharmacology
3. New drug
4. Early evidence
5. Conclusive information
6. Anesthesia clinicians
7. Researchers
8. Specialty role
9. Wonder drug
10. Also-ran",2016
"1. Legacy
2. Science
3. Community engagement
4. Community Networks Program
5. Cancer health disparities
6. Research investigations
7. Mentoring
8. Training
9. Diverse health disparity researchers
10. Reduction of cancer health disparities
11. United States
12. Inequities
13. Global context",2015
"1. Traumatic Brain Injury
2. Rehabilitation
3. Comparative Effectiveness Research
4. Practice-Based Evidence
5. Archives of Physical Medicine and Rehabilitation
6. Supplement
7. TBI-Practice Based Evidence Study
8. Rehabilitation Techniques
9. Outcomes Measures
10. Evidence-Based Medicine
11. Clinical Practice Guidelines",2015
"1. Sarcopenia
2. Fracture prevention
3. Epidemiology
4. Diagnosis
5. Muscle mass assessment
6. Functional assessment
7. Vitamin D
8. Nutrition
9. Patient care
10. Clinical approach",2016
"1. Agricultural experimentation
2. Evolution of scientific domains
3. Molecular biology
4. Genomics
5. Statistics
6. Computing
7. Affinities and antinomies
8. Practices and tools
9. Social and political structures
10. Human development
11. Health and nutrition
12. Policy discussions
13. Farming embeddedness",2015
"1. Bioethics
2. Right to Health
3. Complementary Agenda
4. Health and Human Rights Journal
5. Intersections
6. Synergies
7. Contrasts
8. Universal Health Coverage
9. Global Health Governance
10. Scholarly Attention
11. Conceptual Terrain
12. Normative Terrain
13. Guidance for Action
14. International Policy
15. Practice",2016
"1. Metabolomics
2. Brain metabolism research
3. Neuroscience metabolomics
4. Analytical platforms
5. Biofluids
6. Brain tissue
7. Cells
8. Disease stages
9. Drug action on CNS
10. Central nervous system
11. Ligand-receptor interactions
12. CNS disorders",2016
"1. mitochondria
2. diseases
3. roles
4. surprises
5. review series
6. biology
7. medicine
8. cellular processes
9. energy production
10. oxidative stress
11. genetic mutations
12. pathogenesis
13. therapeutic targets",2016
"1. Emerging infections
2. Therapeutics
3. Vaccine-preventable diseases
4. Ebola
5. Public education
6. Novel therapies
7. Preclinical models
8. Pharmacokinetics
9. Pharmacodynamics
10. Pharmacogenomics
11. Clinical trials
12. Human immunodeficiency virus
13. Hepatitis C virus
14. Multidrug-resistant tuberculosis",2015
"1. 3D Printing
2. Hydrogels
3. Stretchable
4. Toughness
5. Biocompatibility
6. Cellularized Structures
7. Multilayer Mesh
8. High Viability
9. Mechanical Loads
10. Deformations",2016
"1. Diabetes
2. Obesity
3. Brain
4. Cognitive functioning
5. Biobehavioral medicine
6. Central nervous system
7. Type 1 diabetes
8. Type 2 diabetes
9. Hypothalamus
10. Dopaminergic system
11. Bariatric surgery
12. Behavioral methods
13. Aging process
14. Neurocognitive dysfunction",2016
"1. G Protein-Coupled Receptors
2. Biology
3. In Vitro
4. In Vivo
5. Crystal Structure Models
6. Model Organisms
7. International Researchers
8. Lorentz Center
9. Leiden, Netherlands
10. Technical Issues
11. Conceptual Issues
12. Analysis
13. Review Articles
14. Brief Presentations
15. Structured Discussion Periods",2015
"1. Bacterial phosphotransferase system
2. Discovery
3. Sugar transport
4. Sugar phosphorylation
5. Protein kinase system
6. Regulation
7. Transport processes
8. Metabolic processes
9. Mutagenic processes
10. Gene expression
11. Operon sequencing
12. Genome sequencing
13. Novel PTS genes
14. Cellular physiology
15. Evolutionary history",2016
"1. IL-17
2. T17 cells
3. Immune defense
4. Fungi
5. Regulation
6. Plasticity
7. Tissue remodeling
8. Inflammation",2016
"1. Family physicians
2. Information
3. Controversial topics
4. Atrial fibrillation
5. Anticoagulants
6. Oropharyngeal cancer
7. Epidemiology
8. Guidelines
9. Quality improvement
10. Near miss reporting
11. Pet health
12. Human-animal interactions",2016
"1. Inflammatory disease research
2. Big data
3. Immune response
4. Cell types
5. Sensors
6. Precision medicine
7. Integration of approaches",2015
"1. ICCBM
2. Conference
3. Articles
4. Selection
5. Publication
6. Issue
7. July 2015
8. Proceedings
9. International
10. Collaborative
11. Business
12. Management
13. Research
14. Scientific
15. Contributions",2016
"1. Desiccation tolerance
2. Seeds
3. Prokaryotes
4. Eukaryotes
5. Metabolism suspension
6. Environmental stresses
7. Genomic models
8. Comparative genomics
9. Quantitative trait
10. Drought tolerance
11. Climate change
12. Seed banks
13. Propagules
14. Algae
15. Lichens",2016
"1. Western blotting
2. Protein analysis
3. Diagnostic screening
4. Proteomics
5. Imaging techniques
6. Evolution of methods
7. Scientific usefulness
8. High-content analysis
9. Research laboratory
10. Clinical applications",2016
"1. Hymen reconstruction surgery
2. Virginity
3. Religious beliefs
4. Cultural norms
5. Wedding night
6. Ethical justification
7. Harvard Ethics Consortium
8. Young woman
9. Female physician
10. Debate
11. Medical procedure
12. Reputation
13. Religious and cultural expectations",2015
"1. Micronutrient deficiencies
2. Latin America and the Caribbean
3. Prevalence data
4. Vitamin A
5. Folate
6. Anemia
7. Iron deficiency
8. Zinc
9. Health surveys
10. Nutrition status
11. Public health problem",2015
"1. Patient-centered care coordination
2. Health information technology
3. Electronic health records (EHRs)
4. Care coordination challenges
5. Natural Language Processing
6. Public Health & Epidemiology Informatics
7. IMIA Yearbook of Medical Informatics
8. Clinical pathways
9. Multi-morbid patients
10. Information sharing
11. Care delivery fragmentation
12. Emerging trends
13. HIT applications
14. 25th anniversary celebration",2017
"1. Microbeam radiation therapy
2. Synchrotron radiation source
3. Brain tumors
4. Epilepsy treatment
5. Proton therapy
6. SYRA3 COST Action
7. Preclinical studies
8. Clinical applications
9. Multidisciplinary international activities
10. Compact sources
11. Proton microbeams
12. Future prospects",2016
"1. Life cycle assessment
2. Market research
3. Policy
4. Harmonization
5. Standardization
6. SETAC
7. LCA Case Study Symposium
8. Decision-making process
9. Industry contexts
10. Policy contexts
11. Communication
12. Market strategies",2016
"1. Mental health professionals
2. Infertility care
3. Assisted reproductive technologies
4. Third-party reproduction
5. Historical perspective
6. Key areas
7. Mental health services
8. Comprehensive integration
9. Infertility practice
10. Practical opportunities",2015
"1. Cognitive bias modification
2. Translational development
3. Experimental psychopathology
4. Clinical efficacy
5. Innovation
6. Methodology
7. Information-processing bias
8. Moderating mechanisms
9. Mediating effects
10. Augmenting treatments
11. Publication of findings
12. Special issue",2016
"1. Oxidative stress
2. Biomedical research
3. Basic research
4. Analytical procedures
5. Definitions
6. Concepts
7. Introduction
8. Overview
9. Newcomers
10. Articles
11. Thousands
12. Well-researched area",2016
"1. Fungal stress biology
2. Food security
3. Cancer rates
4. Environmental health
5. Climate change
6. Soil health
7. Crop productivity
8. Food spoilage
9. Biological control
10. Bioremediation
11. Biofuels
12. Fungal stress responses
13. Biological control of insect pests
14. Saprotrophic fungi in agriculture and forestry
15. Mycotoxin contamination",2016
"1. Cognition
2. Environmental change
3. Climate shifts
4. Extremes in temperature and moisture
5. Ectothermic taxa
6. Thermal regime
7. Habitat use
8. Coping mechanisms
9. Ecological patterns
10. Evolutionary patterns
11. Conservation of biodiversity",2016
"1. International Prostate Forum
2. History
3. Urology departments
4. Japan
5. Turkey
6. United States
7. Prostate diseases
8. Ultrasound
9. Diagnostics
10. Benign prostate disease
11. Prostate cancer screening
12. Prostate cancer diagnosis
13. Staging
14. Therapies",2016
"1. Financial case
2. Patient-centered
3. Interdisciplinary teams
4. United Kingdom
5. Healthcare teams
6. Benefits
7. Human becoming school of thought
8. Head and neck oncology
9. Oncology treatment
10. Comparison
11. United States",2017
"1. Effort-Based Decision Making
2. Schizophrenia
3. Motivational Deficits
4. Performance-Based Tasks
5. Reward Level
6. Objective Measurement
7. Negative Symptoms
8. Clinical Interviews
9. Animal Literature
10. Human Literature
11. Psychometric Evaluation
12. Paradigm Development
13. Preclinical Studies
14. Performance Factors
15. Clinical Trial Endpoints",2016
"1. Health technology assessment (HTA)
2. Evolution
3. Consumer
4. Honest broker
5. Engaged collaborator
6. Proactive role
7. Stakeholders
8. Evidence production
9. Clinical development program
10. A priori sense
11. Interaction
12. Adversarial",2017
"1. Rhinoplasty
2. External approach
3. Technique
4. Advantages
5. Disadvantages
6. Case review
7. Procedure
8. Emotional factors
9. Radical grounds
10. Problems",2015
"1. Meta-analysis
2. Origins
3. Research Synthesis Methods
4. Gene Glass
5. Frank Schmidt
6. Robert Rosenthal
7. William Shadish
8. Development
9. Impact
10. Commentaries
11. Douglas Altman
12. Iain Chalmers
13. Harris Cooper
14. Kay Dickersin
15. Larry Hedges
16. David Hoaglin
17. Hannah Rothstein",2016
"1. Customer-centric experience
2. Healthcare
3. Behavioral health
4. Affordable Care Act
5. Mainstream healthcare
6. Primary health providers
7. Integration
8. Expertise
9. Support
10. Individuals
11. Improvement
12. Service",2016
"1. Late-life anxiety
2. Adaptive human experience
3. Attention
4. Avoidance
5. Coping mechanisms
6. Evolutionary importance
7. Genetic underpinnings
8. Biological factors
9. Psychopathology
10. Complex adaptive systems
11. Stress response
12. DSM-5 (Diagnostic and Statistical Manual of Mental Disorders, 5th edition)
13. Heterogeneity of anxiety disorders",2016
"1. Breast cancer
2. Survivorship
3. Treatment effects
4. Long-term effects
5. Heterogeneity
6. Multidisciplinary approach
7. Cancer survivors
8. United States
9. Clinical trials
10. Late effects",2015
"1. Peto's paradox
2. comparative oncology
3. evolutionary thinking
4. cancer emergence
5. tumour growth
6. metastasis
7. cancer defences
8. natural selection
9. biology
10. ecology
11. carcinogenesis
12. incidence
13. lethality
14. cancer epidemiology
15. prevention",2016
"1. Metals
2. Biology
3. Host-pathogen interface
4. Mammalian hosts
5. Pathogens
6. Metal homeostasis
7. Regulatory systems
8. Strategies
9. Fighting pathogens
10. Essential metals
11. Toxicity
12. Complexing reagents
13. Microbial regulatory apparatus",2015
"1. Cannabinoids
2. Endocannabinoid system
3. Immune function
4. Phytocannabinoids
5. CB1 and CB2 receptors
6. Anandamide (AEA)
7. 2-Arachidonylglycerol (2-AG)
8. Monocytes
9. Macrophages
10. Lymphocytes
11. Dendritic cells
12. Basophils
13. Medical implications
14. Synthetic cannabinoids",2016
"1. Epigenetics
2. Bone homeostasis
3. Remodeling
4. Skeletal tissue
5. Inheritance
6. Development
7. Disease states
8. Mechanistic characterization
9. Tissue dynamics
10. Consensus
11. Emerging concepts
12. Future directions",2016
"1. Autoimmunity
2. Etiology
3. Immune homeostasis
4. Self-tolerance
5. Imbalanced immune responses
6. Pathogenic autoimmune phenotypes
7. Advances in the field
8. Therapies",2015
"1. Asthma
2. Childhood
3. Monitoring
4. Treatment
5. Clinical control
6. Risks
7. Assessments
8. Age
9. Severity
10. Variability
11. Exacerbations
12. Comorbidities
13. Socioeconomic factors
14. Psychosocial factors
15. Environmental exposures",2016
"1. Chronic thromboembolic pulmonary hypertension
2. Pulmonary hypertension
3. Treatment landscape
4. Obstructed pulmonary arterial vessels
5. Organized thromboembolic material
6. Underdiagnosed and undertreated
7. Progressive PH
8. Right ventricular failure",2016
"1. Alzheimer's disease
2. Prevention strategies
3. Preclinical stages
4. Dementia
5. Vascular factors
6. Lifestyle-related factors
7. Pathophysiological processes
8. Physical activity
9. Mental training
10. Early detection
11. Nonpharmacological methods
12. Pharmacological methods
13. Amyloid cascade",2016
"1. Cytokines
2. T cell subsets
3. Immune-mediated diseases
4. Inflammation
5. Tissue damage
6. Pro-inflammatory cytokines
7. Anti-inflammatory cytokines
8. Pathogenic T cells
9. Protective T cells
10. IL-17 /IL-23 axis
11. Th17 cells
12. T regulatory (Treg) cells
13. Therapeutic targets/agents
14. Immune pathology and therapy",2016
"1. Vaccine immunity
2. Enhancing vaccine value
3. Disease targets
4. Infectious diseases prevention
5. Life span increase
6. Aging population protection
7. Immunology advancements
8. Structural biology
9. Synthetic biology
10. Genomics
11. Vaccine adjuvants
12. Non-technical challenges
13. Safety controversies
14. Regulatory complexity
15. Value assessment methods",2016
"1. Psychiatry
2. Symptoms
3. Diseases
4. Nosology
5. Kraepelin
6. Wernicke
7. Störring
8. Ziehen
9. Gaupp
10. Hoche
11. Jaspers
12. Gruhle
13. Meaning
14. Mental symptoms
15. Epistemological unit of analysis",2016
"1. Ring-tailed lemurs
2. Species re-imagined
3. Long-studied primate species
4. Behavior
5. Biology
6. Ecology
7. Genetics
8. Palaeobiology
9. Life history
10. New generation of scholars
11. High altitude habitats
12. Spiny thicket habitats
13. Rocky outcrop habitats
14. Anthropogenically disturbed habitats
15. Madagascar flagship species",2016
"1. Haemophobia
2. Nursing students
3. Clinical practice
4. Responsibilities
5. Fainting
6. Blood exposure
7. Mentors
8. Undergraduate education
9. Off-duty concerns
10. On-duty expectations",2015
"1. Intellectual disabilities
2. Mortality
3. Understanding
4. Data analysis
5. Concerns
6. Special edition",2016
"1. Genetic influences
2. Peer relationships
3. Family relationships
4. Adolescent development
5. Gene-environment interplay
6. Behavior genetic methodology
7. Adolescent adjustment
8. Innovative behavior genetic methodological approaches
9. Environmental moderation
10. Genetic risk
11. Dopamine regulation genes
12. Positive and negative environments
13. Developmental outcomes
14. Concerted action of genes and environments",2016
"1. Neurologic disorders
2. Sexuality
3. Bladder dysfunction
4. Lower urinary tract
5. Diagnosis
6. Treatment
7. Ancient literature
8. Contemporary methods
9. Prevalence
10. Physician preparedness
11. Patient communication
12. Neurologist education
13. Trust in patient-doctor relationship",2015
"1. Vertebrate body axis
2. Anterior-posterior patterning
3. Timing in development
4. Wnt signaling
5. Complex timers
6. BMP-anti BMP mechanism
7. Organiser inducing factor nodal
8. Somitogenesis timer
9. Axial pattern formation
10. Hox genes
11. TST (time-space translation) mechanism
12. Sequential patterning
13. Ventral-dorsal transitions
14. Retinoids
15. FGFs (fibroblast growth factors)",2016
"1. Mummy anatomy
2. Ancient human remains
3. Soft tissue preservation
4. Mummification process
5. Scientific study
6. Cultural preservation
7. Transdisciplinary research
8. State-of-the-art analysis",2016
"1. Autoinflammation
2. Innate immune system
3. Monogenic autoinflammatory diseases
4. Infection
5. Autoimmunity
6. Homeostasis
7. Evolutionary function
8. Innate immune pathways
9. Chronic inflammatory disease",2016
"1. Livestock models
2. Translational medicine
3. Human diseases
4. Rodent models
5. Pathogenesis
6. Infectious diseases
7. Metabolic disorders
8. Neoplastic disorders
9. Genetic disorders
10. Microbiology
11. Vaccine development
12. Stem cell therapy
13. Institutional Animal Care and Use Committees
14. Animal health
15. Food production",2016
"1. Bioethics
2. Philosophy of medicine
3. Organ donation
4. Defining death
5. Fairness in distribution
6. Medical practice
7. Humanities
8. Ethical inquiry
9. Medical resources
10. Bioethical questions",2016
"1. Epigenetics
2. Gene regulation
3. Chromatin modifications
4. DNA methylation
5. Histone covalent modifications
6. RNA interference
7. Non-coding RNAs
8. Cancer
9. Neurodegenerative disorders
10. Alzheimer's disease
11. Pharmacology
12. Drug development
13. Human disease
14. Disease control",2016
"1. Developmental trajectories
2. Cognitive-behavioral phenotypes
3. Intellectual impairment
4. Genetics
5. Behavioral abnormalities
6. Human growth
7. Intellectual disability
8. Inheritance of intellectual ability
9. Sir Francis Galton
10. Alfred Binet
11. Theodore Simon
12. Intelligence testing
13. Pediatrics
14. Developmental psychology",2016
"1. Electronic health records (EHRs)
2. Health information technology (HIT)
3. Primary care practices
4. Patient care
5. Implementation strategies
6. Functionality relevance
7. Clinician and patient utility
8. Information overload
9. Actionable information
10. Informatics developers
11. HIT decisions
12. Care team trainings
13. Patient engagement
14. Health systems",2016
"1. High-pressure transvenous perfusion
2. Upper extremity
3. Muscular dystrophy
4. Safety study
5. 0.9% saline
6. Dose escalation
7. Intravenous analgesia
8. Feasibility
9. Phase 1/2 clinical trial
10. Duchenne muscular dystrophy
11. Limb girdle muscular dystrophy
12. Regional macromolecular therapeutics",2016
"1. Editorial
2. Issue
3. Reviews
4. Broad interests
5. Therapeutic antibodies
6. Prophylactic antibodies
7. Autophagy
8. Autoimmunity",2016
"1. Parental aging
2. Childhood implications
3. Delayed childbearing
4. Perinatal risks
5. Maternal age
6. Paternal age
7. Sperm aging
8. Egg aging
9. Offspring health",2015
"1. Fertility
2. Longevity
3. Natural fertility
4. Contraception
5. Late-age conceptions
6. Genetic factors
7. Environmental factors
8. Pregnancy
9. Rejuvenation
10. Infertility
11. Morbidity
12. Mortality",2015
"1. X-ray Pump-Probe
2. Femtosecond time-resolution
3. Hard X-ray methods
4. Free-electron laser source
5. Photon energy range
6. Femtosecond optical laser system
7. Transient states of matter
8. Ultrafast processes
9. Physical, chemical and biological processes
10. Atomic scale transformation
11. Energy transfer",2016
"1. Schizophrenia prevention
2. Premorbid phase intervention
3. Developmental vulnerabilities
4. Psychosis interventions
5. Clinical high-risk phase
6. Early intervention
7. Neurocognitive development
8. Psychosocial interventions
9. Psychopharmacological interventions
10. Ethical challenges
11. Empirical testing",2016
"1. Epistemology
2. Health
3. Medicine
4. Care
5. Philosophy
6. Clinical practice
7. Ethics
8. Metaphysics
9. Bedside
10. Understanding
11. Reality
12. Knowledge
13. Value",2016
"1. Bioactive metabolites
2. Contaminants
3. Fruits
4. Vegetables
5. Food chemistry
6. Congress
7. Florence
8. Italy
9. Nutraceuticals
10. Health claims
11. Extraction
12. Processing
13. Byproducts
14. Treatment
15. Valorization",2015
"1. Ticks
2. Infectious diseases
3. United States
4. Regional information sharing
5. Biology
6. Ecology
7. Public health
8. Vector-borne diseases
9. Mid-Atlantic Tick Summit III
10. Cross-disciplinary collaborations
11. Tick-bite risk reduction
12. Treatment of tick-borne diseases",2016
"1. Induced pluripotency
2. Cellular reprogramming
3. Basic research
4. Clinical translation
5. Opportunities
6. Stem cells
7. Regenerative medicine
8. Therapeutic applications
9. Developmental biology
10. Gene expression
11. Epigenetics",2015
"1. Typhoid fever
2. Vaccines
3. Burden of disease
4. Low-resource areas
5. World Health Organization
6. High-risk groups
7. Outbreak control
8. Economic evaluations
9. Transmission dynamic models
10. Vaccine strategies
11. Pilot projects",2016
"1. Molecular pathogenesis
2. Infectious diseases
3. Research
4. Pathogens
5. Brucellae
6. Staphylococcus aureus
7. Influenza
8. Trypanosoma cruzi
9. Reviews
10. Special issue",2016
"1. Psychotherapy
2. Research
3. Anniversary issue
4. Journal development
5. Methodology
6. Diversity
7. Consistency
8. International reach",2016
"1. Malnutrition
2. Prevention
3. Treatment
4. Moderate acute malnutrition
5. Severe acute malnutrition
6. Sustainable Development Goals
7. Management
8. Interventions
9. Symposium
10. International cooperation
11. Child nutrition
12. World Food Programme
13. Micronutrient Initiative
14. International Atomic Energy Agency
15. Global health",2015
"1. Community-university food projects
2. Race
3. Health promotion
4. Diet-related conditions
5. Obesity
6. Diabetes mellitus
7. Cardiovascular disease
8. Hypertension
9. Minority populations
10. Low-income populations
11. Disparities
12. Nutrition education
13. Food access
14. Community-based participatory research",2016
"1. Neurohormones
2. Brain
3. Behavior
4. Comparative approach
5. Rapid neuroendocrine action
6. Hormone mechanisms
7. Molecular approaches
8. Electrophysiological methods
9. Biochemical techniques
10. Integrative approaches
11. Neuroplasticity
12. Discovery
13. Understanding",2016
"1. Gasotransmitters
2. NO (Nitric Oxide)
3. CO (Carbon Monoxide)
4. H2S (Hydrogen Sulfide)
5. Pharmacology
6. Translational opportunities
7. Biological signaling
8. Medical applications
9. Therapeutic potential
10. Molecular mechanisms",2016
"1. Ovarian infertility
2. Older women
3. POF (Premature Ovarian Failure)
4. Testicular infertility
5. Human functional diseases
6. In vitro maturation (IVM)
7. In vitro fertilization (IVF)
8. Ovarian stem cells (OSCs)
9. Granulosa cells
10. Follicular renewal
11. Circulating blood mononuclear cells
12. Small blood volume replacement
13. Tissue rejuvenation
14. Honey bee propolis tincture",2016
"1. Firearm violence
2. Public health problem
3. Mental illness
4. Law
5. Gun control
6. Dangerous people
7. Access to guns
8. Prevention
9. Cultural entrenchment
10. Constitutional protection
11. Policies
12. Reduce firearm violence",2016
"1. Sociality
2. Health
3. Disease susceptibility
4. Transmission
5. Animal societies
6. Human societies
7. Fitness
8. Parasites
9. Grooming
10. Group living
11. Infectious disease
12. Non-infectious disease
13. Social competition
14. Social integration
15. Social buffering",2016
"1. Biomarker
2. Measurement
3. Evaluation
4. Indicator
5. Normal biologic processes
6. Pathogenic process
7. Pharmacologic response
8. Therapeutic intervention
9. FDA
10. National Institutes of Health
11. Consensus conference
12. Surrogate endpoints
13. Clinical research
14. Applications
15. Medical measurements",2015
"1. Southern Africa
2. HIV prevention
3. Care interventions
4. Global pandemic
5. Rapid expansion
6. High prevalence
7. Host biology
8. Viral factors
9. Human behavior
10. Politics and policy
11. Structural factors
12. Health services
13. Health workforce
14. Migration
15. Traditional healers
16. Epidemiological trends
17. HIV care and treatment
18. Policymakers
19. Healthcare workers
20. Scientists",2016
"1. Periodontal therapy
2. Regeneration
3. Biologic research
4. In vitro laboratory models
5. Preclinical models
6. Human studies
7. Wound repair
8. Bone repair
9. Cell culture
10. Animal models
11. Stem cell research
12. Scaffold designs
13. Growth factors
14. Gingival coverage",2017
"1. HIV continuum of care
2. High-prevalence cities
3. United States
4. NHAS goals
5. CDC initiatives
6. Surveillance programs
7. Programmatic research
8. Quality of care monitoring
9. Research projects
10. Academic partnerships
11. HIV treatment optimization
12. Prevention programs
13. CFAR/APC HIV Continuum of Care Working Group
14. Local DOH communication
15. Implications for jurisdictions",2015
"1. Brain
2. Hearing aids
3. Cortical processing
4. Cognitive processing
5. Sound categorization
6. Memory
7. Technological interventions
8. Behavioral interventions
9. Prediction
10. Design
11. Evaluation
12. Listener's ears",2016
"1. Hearing health care
2. Oldest older adults
3. Challenges
4. Auditory decline
5. Cognitive decline
6. Social changes
7. Emotional changes
8. Lifestyle changes
9. Physical disabilities
10. Comorbidities
11. Personalized needs assessments
12. Interprofessional teams
13. Shared decision making
14. Treatment options",2016
"1. Wound care
2. Therapeutic options
3. Negative pressure wound therapy
4. Instillation and dwell time
5. Surgical incision management
6. Open abdomen management
7. Epidermal skin harvesting
8. Advanced wound dressings
9. International Surgical Wound Forum
10. Educational forum
11. Multidisciplinary healthcare providers",2015
"1. Reproducibility
2. Accuracy
3. Cell signaling experiments
4. Board of Reviewing Editors
5. Science Signaling
6. Methodological considerations
7. Sources of error
8. Biological ""n""
9. Statistical analyses
10. Quantitative Western blotting
11. Proteomics
12. Parameterization
13. Quantitative models
14. Cellular networks",2015
"1. Qualitative Research
2. Psychology
3. Misconceptions
4. Potentials
5. Paradigmatic battles
6. Re-orientation
7. Workshop
8. Future
9. Aalborg University
10. Contributions",2016
"1. Probiotics
2. Prebiotics
3. Intestinal microbiota
4. Children
5. Paediatric perspective
6. Nutrition
7. International Symposium
8. Key opinion leaders
9. Congress
10. Gut microbiota
11. Microbiotics
12. Lifespan impact
13. Special issue
14. Beneficial Microbes",2016
"1. CASP scale
2. Quality of life
3. Early old age
4. Needs satisfaction model
5. Research developments
6. Cutting edge research
7. Working conditions
8. Religiosity
9. Western and Eastern Europe
10. Africa
11. Influencing factors
12. Measure limitations
13. Future work",2015
"1. Halophytes
2. Salt tolerance
3. Adaptations
4. Extremophiles
5. Land revegetation
6. Forages
7. Livestock
8. Salt-tolerant crops
9. Molecular mechanisms
10. Biochemical mechanisms
11. Physiological mechanisms
12. Membrane transport
13. Compatible solutes
14. Reactive oxygen species
15. Interacting stress factors",2015
"1. Epiblast
2. Primitive endoderm
3. Differentiation
4. Embryogenesis
5. Pluripotency markers
6. In vitro tracking
7. Blastocysts
8. Fate commitment
9. Irreversible commitment
10. Live imaging",2016
"1. Pediatric obesity
2. Introduction
3. Prevalence
4. Childhood obesity
5. Medical consequences
6. Psychological effects
7. Neurocognitive abnormalities
8. Genotypic variation
9. Body weight regulation
10. Etiopathogenesis",2016
"1. Health professions
2. Special issue
3. Journal Acta BioMedica
4. Positive reactions
5. Diverse perspectives
6. Medical field
7. Publication
8. Second edition",2016
"1. Attachment-based treatments
2. Adolescents
3. Psychopathology
4. Family distress
5. Caregiver-adolescent attachment bond
6. Interventions
7. Change mechanisms
8. Security
9. Treatment elements
10. Measurement
11. Evaluation
12. Dynamic process",2016
"1. Raman spectroscopy
2. Spatial resolution
3. High spatial resolution
4. Meeting scope
5. Spectroscopy techniques
6. Optical microscopy
7. Imaging techniques
8. Chemical analysis
9. Material characterization
10. Advanced imaging methods",2015
"1. Cardiac conditioning
2. Lessons learned
3. Past experiences
4. Future perspectives
5. Conditioning drugs
6. Translation pathways",2016
"1. Research tools
2. Resources
3. Importance recognition
4. New developments
5. Scientific advancements
6. Information management
7. Data analysis
8. Collaboration
9. Innovation
10. Knowledge sharing
11. Efficiency improvement
12. Methodology enhancement
13. Technological integration
14. Problem-solving strategies
15. Academic progress",2016
"1. Generalized joint hypermobility
2. Joint hypermobility syndrome
3. Ehlers-Danlos syndrome, hypermobility type
4. Connective tissue defects
5. Non-syndromic joint hypermobility
6. Risk factors for non-communicable diseases
7. Long-term disabilities
8. Assessment and differential diagnosis
9. Physiotherapy
10. Nervous system dysfunctions",2015
"1. Immune-mediated hepatobiliary diseases
2. Autoimmunity
3. Hepatocytes
4. Cholangiocytes
5. Primary biliary cirrhosis
6. Autoimmune hepatitis
7. Primary sclerosing cholangitis
8. Inflammatory bowel disease
9. Immune pathways
10. Regulatory cells
11. Genetic background
12. Environmental features
13. Immunopathology
14. Therapy
15. Biologics",2016
"1. Sociotechnical systems
2. Workplace safety
3. On-the-job accidents
4. Fatalities
5. Human suffering
6. Research approaches
7. Systemic influences
8. Social/organisational factors
9. Technological factors
10. Hopkinton Conference
11. State-of-the-art reviews
12. Key concepts
13. Safe organisations
14. Unsafe organisations",2016
"1. Fire
2. Worker health and safety
3. Triangle Shirtwaist Factory
4. Fire safety measures
5. Laws
6. Dangerous working conditions
7. Advances
8. Workplace fire safety practices
9. Regulations
10. Training
11. Safety requirements
12. Hazard communication laws
13. Disaster planning
14. Response
15. West, Texas fertilizer plant explosion
16. Fuel cargo trains derailments
17. Garment factory fires in Bangladesh
18. Uneven safety standards
19. Regulatory enforcement
20. New Solutions on fire and work",2015
"1. Noninvasive brain stimulation
2. Transcranial magnetic stimulation (TMS)
3. Transcranial direct current stimulation (tDCS)
4. Neurorehabilitation
5. Stroke
6. Pediatrics
7. Traumatic brain injury
8. Focal hand dystonia
9. Neuropathic pain
10. Spinal cord injury
11. Stereotactic navigation
12. Electric field modeling
13. Clinical application
14. Therapeutic benefit
15. Synergistic potential",2015
"1. Modeling
2. Measures
3. Research workshop
4. Lorentz Center
5. Leiden
6. The Netherlands
7. August 2013
8. Communities
9. Researchers
10. Fields
11. Interdisciplinary
12. Collaboration",2015
"1. Schizotypy
2. Psychopathology
3. Schizophrenia liability
4. Conceptual framework
5. Endophenotypes
6. Rado
7. Meehl
8. Gottesman
9. Lenzenweger
10. Methodological approach
11. Pathogenesis
12. Schizophrenia-related psychopathology",2015
"1. Schizotypy
2. Research
3. Integration
4. Development
5. Construct
6. Paul E. Meehl
7. International Lemanic Workshop on Schizotypy
8. University of Geneva
9. Schizophrenia
10. Psychological health research
11. Knowledge
12. Understanding
13. Conceptual frameworks
14. Methodological frameworks
15. Scientific challenges",2015
"1. Evidence-based practice
2. Cultural competence
3. Mental health services
4. Special issue
5. Anthropology
6. Psychology
7. Psychiatry
8. Social work research
9. Interdisciplinary conversation
10. Tensions in mental health care
11. Diversification of clinical practice
12. Cultural divergences in psychosocial experience",2016
"1. WWOX
2. tumor suppressor protein
3. structure
4. function
5. signaling
6. metabolism
7. neurodegeneration
8. ataxia
9. epilepsy
10. neural disorders
11. neuronal damages
12. oncogenic viruses
13. chromosomal alterations
14. cancer progression
15. physiological functions",2015
"1. Working memory
2. Cognitive processes
3. Language comprehension
4. Problem solving
5. Baddeley and Hitch (1974)
6. Theory of working memory
7. Research articles
8. Thriving field
9. Perspectives
10. Future developments",2016
"1. Neuropsychopharmacology
2. Brain health
3. Psychiatric disorders
4. Neurological disorders
5. Therapeutic progress
6. Causes and pathophysiological substrates
7. Treatment development
8. European College of Neuropsychopharmacology (ECNP)
9. Research and Development (R and D)
10. Drug discovery
11. Clinical development
12. Collaborative ventures
13. Genetics
14. Epigenetics
15. Depression
16. Neurodevelopmental disorders
17. Neurodegenerative disorders
18. Neuroimaging",2016
"1. Co-occurring disorders
2. Criminal justice system
3. Mental health
4. Substance use
5. Justice-involved persons
6. Psychiatric rehabilitation
7. Special section
8. Original articles
9. Gender
10. Age
11. Settings
12. Environment
13. Geographic region
14. Nationality",2015
"1. Rehabilitation
2. Patients
3. Methodologies
4. Information
5. Medicine
6. Technologies
7. Human factors
8. Information and Communication Technologies (ICT)
9. Empowerment
10. Disabled people
11. Health care
12. ICT as a useful tool
13. Advanced systems
14. Rehabilitation process",2016
"1. Jaw diversity
2. Evolutionary origins
3. Structural characteristics
4. Functional roles
5. Soft-bodied invertebrates
6. Electron microscopy
7. Neuromuscular control
8. Elemental composition
9. Hardness and wear resistance
10. Comparative anatomy
11. Rotifers
12. Energy dispersive X-ray spectroscopy (EDX)
13. 3D modeling
14. Biomimetic constructs
15. Invertebrate taxa",2016
"1. Subjective memory complaints
2. Neurocognitive disorders
3. Memory functioning in old age
4. Associations between subjective and objective memory performance
5. Cross-sectional methodologies
6. Longitudinal methodologies
7. Developmental trajectories of subjective memory
8. Personality characteristics
9. Depressive symptoms
10. Functional health
11. Control beliefs
12. Retrospective and prospective memory difficulties
13. Mild cognitive impairment
14. Dementia
15. Future research avenues",2016
"1. Evidence-based therapy relationships
2. APA Divisions 12 & 29 Task Force
3. Critical appraisal
4. Overlapping terminology
5. Definitions
6. Meta-analyses
7. Study inclusion
8. Constructs
9. Therapeutic relationship elements
10. Case formulation
11. Adaptation
12. Clinically relevant changes",2016
"1. Adolescents
2. Young adults
3. Learning disabilities
4. ADHD
5. Neuropsychological features
6. Educational features
7. Familial features
8. Socioemotional features
9. Interventional programs
10. Academic achievements
11. Class environments
12. Mixed qualitative and quantitative data analysis",2017
"1. Nosology
2. Developmental psychopathology
3. Integration
4. Neurobiological dimensions
5. Psychopathological syndromes
6. Statistical methods
7. Neurobiological findings
8. Syndromal approach
9. Provisional approach
10. Individual dimensions
11. Contextualized dimensions
12. Major clinical syndromes
13. Developmental context
14. Dimensional-categorical understanding",2015
"1. Medical conferences
2. Enthusiasts
3. Intervention bias
4. Healthcare innovation
5. Infection prevention
6. Complex systems
7. Empirical approach
8. Trial and error
9. Debate
10. Cross-fertilization
11. Sub-specialties
12. Inspiration
13. Healthcare-associated infection
14. State of the art",2015
"1. Sensory perception
2. Middle-aged adults
3. Aging effects
4. Auditory processing
5. Speech perception
6. Research forum
7. Hearing Across the Lifespan (HEAL) 2014
8. Special session",2016
"1. Narrative health psychology
2. Qualitative research
3. Health psychology
4. Interdisciplinary approach
5. Narrative health research
6. Positioning
7. Features
8. Relevance
9. Special issue
10. Development
11. Future direction",2015
"1. Sociology of childhood
2. Childhood experiences
3. Health and illness
4. Social construction
5. Intergenerational relations
6. Health policy
7. Children as social agents
8. Co-construction of social world
9. Critical analysis
10. Child health normality",2015
"1. Violence
2. America
3. Group dynamic
4. Group therapy
5. Mental health
6. Anger management
7. Domestic violence
8. Terrorism
9. Clinical concerns
10. Treatment levels
11. Perpetrators
12. Screening
13. Group contexts
14. Empathy
15. Boundaries",2016
"1. Trauma
2. Dissociation
3. Self-injury
4. Suicidality
5. Nonsuicidal self-injury (NSSI)
6. Posttraumatic disorders
7. Childhood maltreatment
8. Emotion dysregulation
9. Integrative clinical constructs
10. Risk assessment
11. Intervention models
12. Longitudinal studies
13. Diverse populations",2016
"1. Practice evolution
2. Professional development
3. Field advancement
4. Editorial focus
5. Daily practice
6. Impact assessment
7. Five-year outlook",2015
"1. Levels of analysis
2. Cognitive science
3. Vision
4. Marr's conception
5. Information-processing systems
6. Algorithmic level
7. Representational level
8. Cognitive-level concepts
9. Reductionist neuroscience
10. Bayesian approaches",2016
"1. Neurodegenerative diseases
2. Targeted therapeutics
3. Aged-related disorders
4. Progressive conditions
5. No cure or lasting symptomatic therapy
6. Prodromal phase
7. Neuronal compensated dysfunction
8. Therapeutic intervention
9. Protein homeostasis
10. Misfolded toxic proteins
11. Protein trafficking
12. Cellular organelles
13. Endosomes, lysosomes, autophagosomes, mitochondria
14. Protein Clearance in Neurodegenerative diseases
15. Special Issue on ""Protein Clearance in Neurodegenerative diseases: from mechanisms to therapies""",2016
"1. Redox processes
2. Thiols
3. Signaling pathways
4. Protein activity
5. Conformation
6. Oligomerization
7. Oxidative stress
8. Paradigm shift
9. Redox modifications
10. Cellular environment
11. Molecular structure
12. Reaction mechanisms
13. Signaling pathways role
14. Thiols and oxidative processes",2015
"1. Federal workers' compensation
2. Department of Defense (DoD)
3. Veterans Health Administration (VHA)
4. Occupational and Environmental Medicine
5. Supplement
6. Workers' Compensation Programs
7. History
8. Lessons learned
9. Cooperation
10. Human resources
11. Safety
12. Occupational health
13. Information sharing
14. Root cause analysis
15. Injury prevention",2015
"1. Inflammatory mechanisms
2. Regulators
3. Inflammatory response
4. Feedback mechanisms
5. Modulation
6. Therapies
7. Inflammation
8. Disease resolution
9. In vivo experiments",2015
"1. Sustainability
2. Egg production
3. Commercial-scale
4. Housing systems
5. Coalition for Sustainable Egg Supply (CSES)
6. Multi-stakeholder group
7. Research
8. Animal health and well-being
9. Environment
10. Food safety
11. Worker health and safety
12. Food affordability
13. Integrated field study
14. Poultry Science",2015
"1. Next-generation sequencing
2. Biological sciences
3. Environmental sciences
4. Metagenomes
5. Metatranscriptomes
6. CDNA
7. Archaea
8. Bacteria
9. Eukarya
10. Viruses
11. Non-model species
12. Genomics
13. Transcriptomics
14. Biodiversity
15. NGS technologies",2015
"1. On-label drug use
2. Off-label drug use
3. Reproductive medicine
4. FDA-approved uses
5. Prescription drugs
6. Disorders
7. Pregnant women
8. Risk-benefit ratio
9. Treatment
10. Clinical studies",2016
"1. Women and children
2. Vulnerable populations
3. Maternal and child health
4. Public health
5. Sustainable development
6. Economic development
7. Global commitment
8. Millennium Development Goals
9. Sustainable Development Goals
10. Neonatal mortality
11. Under-5 mortality
12. Maternal mortality
13. Preventable deaths
14. Healthcare services
15. Cost-effective interventions",2015
"1. Biopsychosocial processes
2. Etiology
3. Internalizing problems
4. Development
5. Longitudinal studies
6. Factors
7. Processes
8. Comprehensive understanding
9. Integrative perspective
10. Prevalence
11. Severity",2016
"1. Pancreatic cancer
2. Resectable pancreatic cancer
3. Oncological resection
4. Survival advantage
5. Patient selection
6. Serum biomarkers
7. Surgical resections",2016
"1. Nuclear organization
2. Reviews
3. Theme
4. Cell nucleus
5. Structure
6. Function
7. Molecular mechanisms
8. Proteins
9. Interactions
10. Regulation",2015
"1. Sleep
2. Child development
3. Introduction
4. Monograph
5. Literature
6. Growth
7. Exciting new directions
8. Conceptual principles
9. Methodological tools
10. Importance of sleep
11. Multiple domains
12. Theory and research integration
13. State-of-the-art methodologies
14. Developmental ecological systems perspective
15. Longitudinal studies",2015
"1. Immunology
2. Bacterial infection
3. Control
4. World's leading cause of death
5. Podcast
6. Interview
7. Guest editor
8. Carl Nathan
9. Immune system
10. Infection control
11. Public health
12. Disease prevention
13. Bacterial pathogens",2015
"1. David Hartley
2. Madness
3. Imperfections of reason
4. Mental functioning
5. Vibrations of nerves
6. Newton's theory
7. Association of ideas
8. John Locke
9. Nosology
10. Nosography",2016
"1. Risk communication
2. Violent behavior
3. Offending behavior
4. Recidivism
5. Correctional contexts
6. Forensic contexts
7. Risk assessment
8. Numerical risk terms
9. Categorical risk terms
10. Statistical literacy
11. Forensic risk communication research
12. Medical risk assessment",2015
"1. Periodontal diseases
2. Peri-implant diseases
3. Prevention
4. Consensus conference
5. European Workshop on Periodontology
6. High prevalence
7. Public health issue
8. Systematic reviews
9. Meta-reviews
10. Tailored prevention
11. Diagnosis
12. Risk profiling
13. Gingival bleeding
14. Periodontal screening
15. Health promotion",2016
"1. Chemical Residue Workshop
2. North American
3. Agricultural and Food Chemistry
4. Symposium
5. Quality Control
6. Quality Assurance
7. Analytical Methods
8. Contaminants
9. Food Safety
10. Environmental Analysis
11. Feed Analysis
12. Botanical Samples
13. Bee Samples",2015
"1. Gonadotropin-releasing hormone agonist
2. Final follicular maturation
3. In vitro fertilization (IVF)
4. GnRH agonist trigger
5. Follicle maturation
6. Oocyte retrieval
7. High responders
8. Ovarian hyperstimulation syndrome (OHSS)
9. Steroidal luteal support
10. Fresh embryo transfer
11. Live birth
12. Vitrification
13. Embryo segmentation
14. Freezing all embryos",2015
"1. Genomics
2. Plant-microbe interactions
3. Microbial symbionts
4. Pathogens
5. Complex microbial communities
6. Translational research
7. Insights
8. Dissemination
9. Promotion
10. Articles",2015
"1. Failed back surgery syndrome
2. Surgery technology
3. Pathology understanding
4. Patient-centered approach
5. Dynamic back
6. Multimodality approach
7. Brain pain site attention
8. Neuro-augmentation
9. Pain control
10. Welfare systems
11. Disability promotion
12. Successful therapy
13. Passionate observers
14. Skillful solutions",2015
"1. Mexican-origin families
2. United States population
3. Family scholarship
4. Cultural processes
5. Gender socialization
6. Developmental periods
7. Life transitions
8. Longitudinal studies
9. Acculturation
10. Reciprocal socialization
11. Interdependence in families
12. Methodological issues
13. Future research",2016
"1. Chronic pain
2. Pharmacological treatment
3. Novel targets
4. Therapeutic regimes
5. Individualization
6. Pain heterogeneity
7. Analgesic treatment
8. Nonopioid interactions",2015
"1. Obsessive compulsive disorder (OCD)
2. Lifespan treatment
3. Evidence-based treatments
4. Psychological interventions
5. Pharmacological interventions
6. Disability
7. Mental disorders
8. DSM-5 classification
9. Accessibility to care
10. Specialty certification/accreditation
11. Canadian Institute for Obsessive Compulsive Disorders (CIOCD)
12. Accreditation Task Force (ATF)",2015
"1. Solvation Science
2. Physical Chemistry
3. Theoretical Chemistry
4. Industrial Chemistry
5. Inorganic Chemistry
6. Organic Chemistry
7. Biochemistry
8. Physics
9. Engineering
10. Reactions",2015
"1. Carbohydrate Research
2. Journal history
3. Carbohydrate science
4. International journal
5. Editor line-up
6. Electronic publishing
7. Elsevier Company
8. Research data archive
9. Molecular aspects of carbohydrates",2015
"1. Behavioral interventions
2. Academic outcomes
3. Learning disabilities
4. Emotional disabilities
5. Behavioral disabilities
6. Developmental disabilities
7. Reading
8. Science
9. Social studies
10. Literature reviews
11. Intervention studies
12. Task engagement
13. School readiness",2016
"1. Adaptability
2. Plasticity
3. Plant science
4. Organismal response
5. Morphological changes
6. Physiological changes
7. Behavioral changes
8. Climate change
9. Agro-climatic adaptation
10. Phenotypic plasticity
11. Genotype-environment interaction (GxE)
12. Ecology
13. Agricultural science
14. History of agriculture
15. Population ecology",2015
"1. Health system research
2. Vietnam
3. Policy-relevant knowledge
4. Socioeconomic development
5. Health system improvement
6. Efficiency and effectiveness
7. Policy actions
8. Health of people and communities
9. Research papers
10. Insights
11. Planning, management, policy-making decisions",2015
"1. Complementary methods
2. Two-way street
3. CCP4 Study Weekend
4. Introduction
5. Scientific collaboration
6. Structural biology
7. Protein crystallography
8. Computational methods
9. Data analysis
10. Crystallographic techniques",2015
"1. Veterans' health
2. Epidemiology
3. Military personnel
4. Physical health
5. Mental health
6. Research infrastructure
7. Department of Defense
8. Department of Veterans Affairs
9. Clinical databases
10. International collaboration
11. Health needs
12. Global research community
13. Military exposures",2015
"1. Epidemiology
2. Bicycle injuries
3. Risk factors
4. Serious injury
5. Prospective case-control study
6. Hospital emergency departments
7. Medical examiner's offices
8. Questionnaire
9. Injury data
10. Helmet use
11. Collision with motor vehicle
12. Speed
13. Age
14. Neck injury
15. Prevention",2015
"1. Cell biology
2. G protein signaling
3. G protein-coupled receptors
4. Second messengers
5. Signal encoding
6. Biosensors
7. Live cell monitoring
8. Endosome signaling
9. Cytoplasmic activators
10. GIV (Girdin)
11. Pharmacology",2015
"1. Companion diagnostics
2. Personalized medicine
3. In vitro diagnostics
4. Targeted drugs
5. Pharmacotherapy
6. Biomarker detection
7. Patient profiling
8. Multiplex platforms",2015
"1. Steroid promiscuity
2. Enzyme action
3. Diversity
4. Cytochromes P450 (CYP)
5. Hydroxysteroid dehydrogenases (HSDs)
6. Substrates
7. Conformations
8. Catalysis
9. Biological actions
10. Sterol signaling",2015
"1. Molecular biology databases
2. Nucleic Acids Research Database Issue
3. RNAcentral
4. ValidatorDB
5. SASBDB
6. MoonProt
7. ComPPI
8. Complex Portal
9. Cancer-related databases
10. Genomic basics of disease
11. Potential drugs and drug targets
12. NAR online Molecular Biology Database Collection",2015
"1. Personalized medicine
2. Genotypes
3. Molecular phenotypes
4. Quantified self
5. Multi-scale models
6. Microbiome
7. Immune traits
8. Metabolic traits
9. Clinical data
10. Electronic medical records
11. Wearable sensor technologies
12. Phenome
13. Envirome
14. Population cohorts
15. Informatics methodologies",2016
"1. Crowdsourcing
2. Data mining
3. Crowd data
4. Articles
5. Acknowledgements
6. References",2016
"1. Community-based arts initiatives
2. Science of the arts
3. Rewards and challenges
4. Art and science tensions
5. Social change promotion
6. Researching community-based arts
7. Diversity of populations and settings
8. Values and methods of inquiry
9. Action-oriented approaches",2015
"1. Autobiographical memory
2. Cultural context
3. Cross-cultural research
4. Functional usages
5. Daily life
6. Childhood to old age
7. Global understanding
8. Memory research",2015
"1. Climate change
2. Land-use change
3. Landscape processes
4. Biodiversity
5. Ecosystem services
6. Adaptive governance
7. Norrström catchment
8. Lake Mälaren
9. South-central Sweden
10. Spatiotemporal scales
11. Interactions
12. Feedback processes
13. Future challenges
14. Society",2016
"1. Old lesbians
2. Community
3. Relationships
4. Friendship
5. Well-being
6. Homophobia
7. Policy decision
8. Research analysis
9. Early research
10. Future research studies",2015
"1. Nutrition
2. Microbiome
3. Annual review
4. Guest editors
5. Carlo Agostoni
6. Kwang Sik Kim
7. Pediatrics
8. Department of Clinical Sciences and Community Health
9. University of Milan
10. Fondazione IRCCS Cà Granda Ospedale Maggiore Policlinico
11. Johns Hopkins University School of Medicine
12. Bloomberg School of Public Health
13. Johns Hopkins Children's Center
14. Pediatric Infectious Diseases
15. Microbiology and Immunology",2015
"1. Practical interventions
2. Office-based care
3. Patient care enhancement
4. Specific interventions
5. Direct implementation
6. Low cost
7. Learning and unlearning
8. Immediate changes
9. Reader engagement
10. Feedback sharing",2015
"1. LGBT resilience
2. Cultural differences
3. Well-being
4. Diversity
5. Representation
6. Immigration
7. Marginalized populations
8. Transgender
9. Lesbian
10. Gay
11. Bisexual
12. Queer
13. Questioning",2015
"1. Visual modality
2. Language structure
3. Conventionalization
4. Sign language
5. Gesture
6. Communication
7. Deaf communities
8. Linguistic expression
9. Co-speech gestures
10. Semantic integration
11. Temporal integration
12. Conventionalization process
13. Emergence of linguistic structure
14. Multiple levels of representation
15. Communicative systems",2015
"1. Quality improvement
2. Performance measurement
3. Cancer services
4. Ontario healthcare system
5. Learning healthcare system
6. Radiotherapy capacity
7. Transformative change
8. Financial contracting
9. Quality and access measures
10. Improvement panel metrics
11. Population-wide reporting
12. Renal services expansion",2016
"1. Metacognition
2. Mentalizing
3. Psychotherapy
4. Psychosis
5. Personality disorders
6. Self-awareness
7. Emotional understanding
8. Thought awareness
9. Complex self-representation
10. Interpersonal challenges
11. Treating clinicians",2015
"1. Public understanding of science
2. Research
3. Systematic approach
4. Academic studies
5. English-speaking world
6. United States
7. United Kingdom
8. Canada
9. Australia
10. New Zealand
11. Empirical material
12. Unheard voices
13. New voices
14. Other parts of the world",2015
"1. Sexual and reproductive health
2. Progress
3. Outstanding needs
4. International Conference on Population and Development (ICPD)
5. Universal access
6. Maternal mortality ratio (MMR)
7. Unmet need for modern contraception
8. Skilled birth attendance
9. Demographic and Health Surveys
10. Multiple Indicator Cluster Surveys
11. Household wealth
12. HIV incidence and prevalence
13. Integrated services
14. Investment in SRH",2016
"1. Sleep problems
2. Adolescence
3. Public health issue
4. Biopsychosocial model
5. Contextual model
6. Developmental science
7. Developmental psychopathology
8. Attention-deficit/hyperactivity disorder (ADHD)
9. Complex interconnections
10. Empirical articles
11. Future research directions",2015
"1. Environment
2. Patients
3. Gametes
4. Embryos
5. Fetus
6. Newborns
7. Childhood development
8. Consequences
9. Views and Reviews",2015
"1. Child analytic principles
2. Educational models
3. School consultations
4. Psychopharmacology
5. Therapeutic nursery
6. Special needs schools
7. Mainstream schools
8. Psychoanalytic practice
9. Dyadic work
10. Play therapy
11. Deep-sea symbolism
12. Sexting
13. In-depth assessment
14. Enriching exchanges
15. Communities",2016
"1. War against women
2. Psychoanalytic culture
3. Freud
4. Victorian views
5. Gender conceptualizations
6. Antediluvian views
7. Contemporary psychoanalysis
8. Institutional prejudice
9. Consulting room
10. Third-wave feminism
11. Child analysis
12. Organizational bias",2016
"1. Gender analysis
2. Scientific masculinities
3. Global history of science and medicine
4. Late Middle Ages to present
5. Social constructions of masculinity
6. Differentiation between men
7. Dominance of men in sciences
8. Masculinity in science
9. Gender as analytical category
10. Historical object
11. Professionalization of scientific practices
12. Technological and medical practices
13. Spaces of labor
14. Sex, gender, sexual orientation
15. Metaphors in society and culture",2016
"1. Crop yield
2. Food security
3. Malnutrition
4. Plant mineral nutrition
5. Transport
6. Sensing
7. Signaling
8. Nutrient uptake
9. Regulation
10. Agricultural productivity",2016
"1. Mindfulness
2. Compassion
3. Human development
4. Contemplative practices
5. Life span perspective
6. Developmental focus
7. Construct conceptualization
8. Measurement
9. Socialization practices
10. Families
11. Interventions
12. Care-givers",2015
"1. Cardiovascular disease
2. Male sexual dysfunction
3. Erectile dysfunction
4. Pathophysiology
5. Treatment options
6. Health care professionals
7. Primary complaint
8. Link between ED and CVD",2016
"1. Adolescent sexual and reproductive health
2. International Conference on Population and Development
3. Reproductive health education
4. Sexual and reproductive health services
5. Youth-friendly services
6. Gender inequality
7. Knowledge gaps
8. Post-2015 development agenda
9. Adolescent SRH intervention packages
10. Early adolescence
11. Reproductive rights
12. Sexuality education
13. Service needs of adolescents
14. Positive and responsible sexual behavior
15. Comprehensive definition of reproductive health",2015
"1. Comet assay
2. Genotoxicology
3. Environmental toxicology
4. Human biomonitoring
5. DNA damage
6. DNA repair
7. Innovative methods
8. Technical issues
9. Guidelines
10. Historical context",2015
"1. Violence
2. Group dynamic
3. Group therapy
4. America
5. Contributions
6. Understanding
7. Treating
8. Clinical experience
9. National dialogue
10. Pervasive nature
11. Causes
12. Different forms
13. Sociocultural values
14. Myths
15. Historical context",2016
"1. Environmental health sciences
2. Developmental Origins of Health and Disease (DOHaD)
3. Chemical exposures
4. Early-life development
5. Non-communicable diseases
6. Critical windows of susceptibility
7. Signaling changes
8. Epigenetic influences
9. Grant analysis
10. Publication data
11. Endocrine disruptors
12. Pesticides/persistent organic pollutants
13. Brain health endpoints
14. Reproduction
15. Cancer",2016
"1. Health communication
2. Message design
3. Research area
4. Communication discipline
5. Kentucky Conference on Health Communication
6. Special issue
7. Health behaviors
8. Theoretical approaches
9. Methodological approaches
10. Practical approaches",2016
"1. Mitochondrial biology
2. Molecular identification
3. Channels and transporters
4. Mitochondrial permeability transition pore (mPTP)
5. Calcium homeostasis
6. Mitochondrial dynamics",2015
"1. Portion size
2. Eating habits
3. Nutrient density
4. Energy density
5. Obesity prevention
6. Children
7. Symposium
8. Scientific understanding
9. Individual differences
10. Caregiver decisions
11. Family-based interventions
12. Weight control
13. Policy considerations",2015
"1. Hydrogen sulfide (H2S)
2. Biology
3. Medicine
4. Cognitive function
5. Vascular tone
6. Ischemia protection
7. Inflammation regulation
8. Cell growth
9. Oxygen sensing
10. Senescence
11. Nitric oxide (NO) interaction
12. Polysulfides
13. Therapeutic potential
14. H2S-donating compounds
15. International Conference on H2S",2015
"1. Systems toxicology
2. Pharmaceutical drug safety testing
3. Non animal-based approach
4. Toxicodynamics
5. Biokinetics
6. Early stage drug development
7. In silico modeling
8. Cost effective
9. Rapid assessment
10. Predict-IV project",2016
"1. X-linked adrenoleukodystrophy
2. ABCD1 gene mutation
3. Chinese patient
4. Neurodegenerative disorder
5. Recessive inheritance
6. Childhood cerebral ALD
7. Molecular analysis
8. Splicing mutation
9. Intron 1",2016
"1. Viruses
2. Disease
3. Prevention
4. Diagnosis
5. Treatment
6. Virology
7. Pathology
8. Viral pathogenesis
9. Vaccination strategies
10. Treatments
11. Ebola virus
12. Marburg virus
13. Coronaviruses
14. Nipah virus
15. Noroviruses",2015
"1. Philosophical aspects
2. Hate crime
3. Hate crime legislation
4. Conceptual question
5. Normative question
6. Status of hate crimes
7. Justification of hate crime legislation
8. Special symposium
9. Philosophy of hate crime",2016
"1. Cell death
2. Immune system
3. Instructors
4. Homeostasis
5. Therapeutic interventions
6. Malfunctioning
7. Corpse removal
8. Immune responsiveness
9. Open questions
10. Context
11. 'Eat me' signals
12. Cell clearance
13. Residual debris
14. Immunological consequences",2015
"1. Translational pathology
2. Toxicologic pathology
3. Human health
4. Annual STP Symposium
5. Hazard identification
6. Risk assessment
7. Risk communication
8. Exposure to toxic substances
9. Pathological changes
10. Translational relevance
11. Toxicologic pathologist roles
12. Gaps in translational science
13. Challenges in the field
14. Positive impact on human health",2015
"1. Blood pressure
2. Theranostics
3. Technological trends
4. Clinical trends
5. Spatio-temporal approach
6. BP management
7. Temporal variability
8. Spatial variability
9. Hypertension
10. Antihypertensive drugs
11. Metabolism
12. Polypharmacy
13. Elderly
14. Diagnostic practices
15. Prognostic aspects",2015
"1. Translation
2. Human Biology
3. Special Issue
4. Critical Challenges
5. Species
6. Science Processes
7. Innovation
8. American Journal of Human Biology
9. Water
10. Energy
11. Environmental Degradation
12. Conflict
13. Disease
14. Food/Nutrition
15. Public Good",2015
"1. Membrane lipids
2. Biological membranes
3. Lipid bilayer
4. Physical properties
5. Signaling properties
6. Asymmetry
7. Domains
8. Protein recruitment
9. Interaction
10. Secondary messengers
11. Membrane functions",2015
"1. Psychopathy
2. Personality
3. Advances
4. Debates
5. Trait perspectives
6. Prototypical trait profile
7. Developmental manifestations
8. Neural underpinnings
9. Antisocial behavior
10. Dark Triad",2016
"1. Collaboration
2. Researchers
3. Clinicians
4. Practice-oriented research
5. Naturalistic settings
6. Obstacles
7. Strategies
8. Benefits
9. Recommendations
10. Mental health
11. Partnerships",2015
"1. Sepsis
2. Microbiological diagnosis
3. Rapid diagnostic techniques
4. Morbidity and mortality
5. Molecular-based approaches
6. Nonmolecular-based approaches
7. State of the art
8. Protocols
9. Futuristic tools
10. Risk stratification
11. Diagnosis algorithms
12. Sepsis management
13. Technical aspects",2015
"1. Health care systems
2. Quantitative modeling
3. Management
4. Social care
5. Demography
6. Technology
7. Care delivery
8. Conference
9. Mathematicians
10. Operational researchers
11. Health economists
12. Hospitals
13. Long-term care
14. Community based care services
15. Public health",2015
"1. Bullying perpetration
2. Victimization
3. School contexts
4. Social ecologies
5. Classroom dynamics
6. Risk factors
7. Aggression
8. Peer victimization
9. Conceptual contributions
10. Empirical contributions
11. Peer group ecologies
12. Classroom teachers
13. Intervention implications
14. Anti-bullying efforts
15. Systemic approaches",2015
"1. Hydrogen sulfide
2. Physiological mediator
3. Cognitive function
4. Vascular tone
5. Ischemia-reperfusion injury
6. Inflammation
7. Oxygen sensing
8. Cell growth
9. Senescence
10. Sulfhydration
11. Polysulfides
12. Target proteins
13. Therapeutic potential",2015
"1. Granulomatosis with polyangiitis
2. Wegener's
3. Cranial neuropathies
4. Case-based review
5. Neurological manifestations
6. Diagnosis
7. Therapeutic options",2015
